"group1","group2","group3","group4","group5","group6","temp","vtkValidPointMask","arc_length","Points:0","Points:1","Points:2"
3.0944e+14,1.2184e+15,2.9944e+15,2.031e+15,1.2652e+15,2.9288e+14,1063.2,1,0,0,94,0
3.0941e+14,1.2183e+15,2.9942e+15,2.0309e+15,1.2651e+15,2.9285e+14,1063.2,1,0.16275,0.16275,94,0
3.0939e+14,1.2182e+15,2.9939e+15,2.0307e+15,1.265e+15,2.9283e+14,1063.2,1,0.3255,0.3255,94,0
3.0936e+14,1.2181e+15,2.9937e+15,2.0305e+15,1.2649e+15,2.9281e+14,1063.1,1,0.48825,0.48825,94,0
3.0934e+14,1.218e+15,2.9934e+15,2.0303e+15,1.2648e+15,2.9278e+14,1063.1,1,0.651,0.651,94,0
3.0931e+14,1.2179e+15,2.9931e+15,2.0302e+15,1.2647e+15,2.9276e+14,1063.1,1,0.81375,0.81375,94,0
3.0928e+14,1.2178e+15,2.9929e+15,2.03e+15,1.2646e+15,2.9273e+14,1063.1,1,0.9765,0.9765,94,0
3.0926e+14,1.2177e+15,2.9926e+15,2.0298e+15,1.2645e+15,2.9271e+14,1063.1,1,1.1393,1.1393,94,0
3.0923e+14,1.2176e+15,2.9924e+15,2.0297e+15,1.2644e+15,2.9268e+14,1063.1,1,1.302,1.302,94,0
3.0921e+14,1.2175e+15,2.9921e+15,2.0295e+15,1.2643e+15,2.9266e+14,1063.1,1,1.4648,1.4648,94,0
3.0918e+14,1.2174e+15,2.9919e+15,2.0293e+15,1.2642e+15,2.9263e+14,1063.1,1,1.6275,1.6275,94,0
3.0915e+14,1.2173e+15,2.9916e+15,2.0291e+15,1.2641e+15,2.9261e+14,1063.1,1,1.7902,1.7902,94,0
3.0913e+14,1.2172e+15,2.9914e+15,2.029e+15,1.264e+15,2.9259e+14,1063.1,1,1.953,1.953,94,0
3.091e+14,1.2171e+15,2.9911e+15,2.0288e+15,1.2639e+15,2.9256e+14,1063.1,1,2.1158,2.1158,94,0
3.0908e+14,1.217e+15,2.9909e+15,2.0286e+15,1.2638e+15,2.9254e+14,1063.1,1,2.2785,2.2785,94,0
3.0905e+14,1.2169e+15,2.9906e+15,2.0285e+15,1.2637e+15,2.9251e+14,1063,1,2.4413,2.4413,94,0
3.0902e+14,1.2168e+15,2.9904e+15,2.0283e+15,1.2635e+15,2.9249e+14,1063,1,2.604,2.604,94,0
3.09e+14,1.2167e+15,2.9901e+15,2.0281e+15,1.2634e+15,2.9246e+14,1063,1,2.7668,2.7668,94,0
3.0897e+14,1.2166e+15,2.9899e+15,2.028e+15,1.2633e+15,2.9244e+14,1063,1,2.9295,2.9295,94,0
3.0895e+14,1.2165e+15,2.9896e+15,2.0278e+15,1.2632e+15,2.9242e+14,1063,1,3.0923,3.0923,94,0
3.0892e+14,1.2164e+15,2.9894e+15,2.0276e+15,1.2631e+15,2.9239e+14,1063,1,3.255,3.255,94,0
3.0889e+14,1.2163e+15,2.9891e+15,2.0274e+15,1.263e+15,2.9237e+14,1063,1,3.4177,3.4177,94,0
3.0887e+14,1.2162e+15,2.9889e+15,2.0273e+15,1.2629e+15,2.9234e+14,1063,1,3.5805,3.5805,94,0
3.0884e+14,1.2161e+15,2.9886e+15,2.0271e+15,1.2628e+15,2.9232e+14,1063,1,3.7432,3.7432,94,0
3.0882e+14,1.216e+15,2.9884e+15,2.0269e+15,1.2627e+15,2.9229e+14,1063,1,3.906,3.906,94,0
3.0879e+14,1.2159e+15,2.9881e+15,2.0268e+15,1.2626e+15,2.9227e+14,1063,1,4.0687,4.0687,94,0
3.0876e+14,1.2158e+15,2.9879e+15,2.0266e+15,1.2625e+15,2.9225e+14,1062.9,1,4.2315,4.2315,94,0
3.0874e+14,1.2157e+15,2.9876e+15,2.0264e+15,1.2624e+15,2.9222e+14,1062.9,1,4.3942,4.3942,94,0
3.087e+14,1.2155e+15,2.9873e+15,2.0262e+15,1.2622e+15,2.9219e+14,1062.9,1,4.557,4.557,94,0
3.0864e+14,1.2153e+15,2.9867e+15,2.0258e+15,1.262e+15,2.9213e+14,1062.9,1,4.7197,4.7197,94,0
3.0858e+14,1.215e+15,2.9861e+15,2.0254e+15,1.2617e+15,2.9207e+14,1062.9,1,4.8825,4.8825,94,0
3.0852e+14,1.2148e+15,2.9855e+15,2.025e+15,1.2615e+15,2.9202e+14,1062.9,1,5.0452,5.0452,94,0
3.0846e+14,1.2146e+15,2.9849e+15,2.0246e+15,1.2612e+15,2.9196e+14,1062.8,1,5.208,5.208,94,0
3.084e+14,1.2143e+15,2.9843e+15,2.0242e+15,1.261e+15,2.919e+14,1062.8,1,5.3707,5.3707,94,0
3.0834e+14,1.2141e+15,2.9837e+15,2.0238e+15,1.2607e+15,2.9185e+14,1062.8,1,5.5335,5.5335,94,0
3.0828e+14,1.2139e+15,2.9832e+15,2.0234e+15,1.2605e+15,2.9179e+14,1062.8,1,5.6962,5.6962,94,0
3.0822e+14,1.2136e+15,2.9826e+15,2.023e+15,1.2602e+15,2.9173e+14,1062.8,1,5.859,5.859,94,0
3.0816e+14,1.2134e+15,2.982e+15,2.0226e+15,1.26e+15,2.9168e+14,1062.8,1,6.0217,6.0217,94,0
3.081e+14,1.2131e+15,2.9814e+15,2.0222e+15,1.2597e+15,2.9162e+14,1062.7,1,6.1845,6.1845,94,0
3.0804e+14,1.2129e+15,2.9808e+15,2.0218e+15,1.2595e+15,2.9156e+14,1062.7,1,6.3472,6.3472,94,0
3.0798e+14,1.2127e+15,2.9802e+15,2.0214e+15,1.2593e+15,2.9151e+14,1062.7,1,6.51,6.51,94,0
3.0791e+14,1.2124e+15,2.9796e+15,2.021e+15,1.259e+15,2.9145e+14,1062.7,1,6.6727,6.6727,94,0
3.0785e+14,1.2122e+15,2.9791e+15,2.0206e+15,1.2588e+15,2.9139e+14,1062.7,1,6.8355,6.8355,94,0
3.0779e+14,1.2119e+15,2.9785e+15,2.0202e+15,1.2585e+15,2.9134e+14,1062.6,1,6.9983,6.9983,94,0
3.0773e+14,1.2117e+15,2.9779e+15,2.0198e+15,1.2583e+15,2.9128e+14,1062.6,1,7.161,7.161,94,0
3.0767e+14,1.2115e+15,2.9773e+15,2.0194e+15,1.258e+15,2.9122e+14,1062.6,1,7.3238,7.3238,94,0
3.0761e+14,1.2112e+15,2.9767e+15,2.019e+15,1.2578e+15,2.9117e+14,1062.6,1,7.4865,7.4865,94,0
3.0755e+14,1.211e+15,2.9761e+15,2.0186e+15,1.2575e+15,2.9111e+14,1062.6,1,7.6493,7.6493,94,0
3.0749e+14,1.2108e+15,2.9755e+15,2.0182e+15,1.2573e+15,2.9105e+14,1062.5,1,7.812,7.812,94,0
3.0743e+14,1.2105e+15,2.9749e+15,2.0178e+15,1.257e+15,2.91e+14,1062.5,1,7.9748,7.9748,94,0
3.0737e+14,1.2103e+15,2.9744e+15,2.0174e+15,1.2568e+15,2.9094e+14,1062.5,1,8.1375,8.1375,94,0
3.0731e+14,1.21e+15,2.9738e+15,2.017e+15,1.2565e+15,2.9088e+14,1062.5,1,8.3003,8.3003,94,0
3.0725e+14,1.2098e+15,2.9732e+15,2.0166e+15,1.2563e+15,2.9083e+14,1062.5,1,8.463,8.463,94,0
3.0719e+14,1.2096e+15,2.9726e+15,2.0162e+15,1.256e+15,2.9077e+14,1062.4,1,8.6257,8.6257,94,0
3.0713e+14,1.2093e+15,2.972e+15,2.0158e+15,1.2558e+15,2.9071e+14,1062.4,1,8.7885,8.7885,94,0
3.0707e+14,1.2091e+15,2.9714e+15,2.0154e+15,1.2555e+15,2.9066e+14,1062.4,1,8.9513,8.9513,94,0
3.0698e+14,1.2088e+15,2.9706e+15,2.0149e+15,1.2552e+15,2.9058e+14,1062.4,1,9.114,9.114,94,0
3.0689e+14,1.2084e+15,2.9697e+15,2.0142e+15,1.2548e+15,2.9049e+14,1062.3,1,9.2767,9.2767,94,0
3.0679e+14,1.208e+15,2.9687e+15,2.0136e+15,1.2544e+15,2.9039e+14,1062.3,1,9.4395,9.4395,94,0
3.0669e+14,1.2076e+15,2.9678e+15,2.013e+15,1.254e+15,2.903e+14,1062.3,1,9.6023,9.6023,94,0
3.0659e+14,1.2072e+15,2.9668e+15,2.0123e+15,1.2536e+15,2.9021e+14,1062.2,1,9.765,9.765,94,0
3.0649e+14,1.2068e+15,2.9659e+15,2.0117e+15,1.2532e+15,2.9012e+14,1062.2,1,9.9277,9.9277,94,0
3.0639e+14,1.2064e+15,2.9649e+15,2.011e+15,1.2528e+15,2.9003e+14,1062.2,1,10.09,10.09,94,0
3.063e+14,1.2061e+15,2.964e+15,2.0104e+15,1.2524e+15,2.8993e+14,1062.1,1,10.253,10.253,94,0
3.062e+14,1.2057e+15,2.963e+15,2.0097e+15,1.252e+15,2.8984e+14,1062.1,1,10.416,10.416,94,0
3.061e+14,1.2053e+15,2.9621e+15,2.0091e+15,1.2516e+15,2.8975e+14,1062.1,1,10.579,10.579,94,0
3.06e+14,1.2049e+15,2.9611e+15,2.0084e+15,1.2512e+15,2.8966e+14,1062,1,10.741,10.741,94,0
3.059e+14,1.2045e+15,2.9602e+15,2.0078e+15,1.2508e+15,2.8957e+14,1062,1,10.904,10.904,94,0
3.0581e+14,1.2041e+15,2.9592e+15,2.0071e+15,1.2504e+15,2.8947e+14,1062,1,11.067,11.067,94,0
3.0571e+14,1.2037e+15,2.9583e+15,2.0065e+15,1.25e+15,2.8938e+14,1061.9,1,11.23,11.23,94,0
3.0561e+14,1.2033e+15,2.9573e+15,2.0058e+15,1.2496e+15,2.8929e+14,1061.9,1,11.392,11.392,94,0
3.0551e+14,1.203e+15,2.9564e+15,2.0052e+15,1.2492e+15,2.892e+14,1061.9,1,11.555,11.555,94,0
3.0541e+14,1.2026e+15,2.9554e+15,2.0046e+15,1.2488e+15,2.891e+14,1061.9,1,11.718,11.718,94,0
3.0531e+14,1.2022e+15,2.9544e+15,2.0039e+15,1.2484e+15,2.8901e+14,1061.8,1,11.881,11.881,94,0
3.0522e+14,1.2018e+15,2.9535e+15,2.0033e+15,1.248e+15,2.8892e+14,1061.8,1,12.043,12.043,94,0
3.0512e+14,1.2014e+15,2.9525e+15,2.0026e+15,1.2476e+15,2.8883e+14,1061.8,1,12.206,12.206,94,0
3.0502e+14,1.201e+15,2.9516e+15,2.002e+15,1.2472e+15,2.8874e+14,1061.7,1,12.369,12.369,94,0
3.0492e+14,1.2006e+15,2.9506e+15,2.0013e+15,1.2468e+15,2.8864e+14,1061.7,1,12.532,12.532,94,0
3.0482e+14,1.2003e+15,2.9497e+15,2.0007e+15,1.2464e+15,2.8855e+14,1061.7,1,12.694,12.694,94,0
3.0472e+14,1.1999e+15,2.9487e+15,2e+15,1.246e+15,2.8846e+14,1061.6,1,12.857,12.857,94,0
3.0463e+14,1.1995e+15,2.9478e+15,1.9994e+15,1.2455e+15,2.8837e+14,1061.6,1,13.02,13.02,94,0
3.0453e+14,1.1991e+15,2.9468e+15,1.9987e+15,1.2451e+15,2.8828e+14,1061.6,1,13.183,13.183,94,0
3.0443e+14,1.1987e+15,2.9459e+15,1.9981e+15,1.2447e+15,2.8818e+14,1061.5,1,13.345,13.345,94,0
3.0433e+14,1.1983e+15,2.9449e+15,1.9974e+15,1.2443e+15,2.8809e+14,1061.5,1,13.508,13.508,94,0
3.042e+14,1.1978e+15,2.9437e+15,1.9966e+15,1.2438e+15,2.8797e+14,1061.5,1,13.671,13.671,94,0
3.0406e+14,1.1973e+15,2.9423e+15,1.9957e+15,1.2432e+15,2.8784e+14,1061.4,1,13.834,13.834,94,0
3.0393e+14,1.1967e+15,2.941e+15,1.9948e+15,1.2427e+15,2.8771e+14,1061.4,1,13.997,13.997,94,0
3.0379e+14,1.1962e+15,2.9397e+15,1.9939e+15,1.2421e+15,2.8759e+14,1061.3,1,14.159,14.159,94,0
3.0366e+14,1.1957e+15,2.9384e+15,1.993e+15,1.2416e+15,2.8746e+14,1061.3,1,14.322,14.322,94,0
3.0352e+14,1.1951e+15,2.9371e+15,1.9921e+15,1.241e+15,2.8733e+14,1061.2,1,14.485,14.485,94,0
3.0338e+14,1.1946e+15,2.9358e+15,1.9912e+15,1.2405e+15,2.872e+14,1061.2,1,14.648,14.648,94,0
3.0325e+14,1.1941e+15,2.9344e+15,1.9903e+15,1.2399e+15,2.8708e+14,1061.1,1,14.81,14.81,94,0
3.0311e+14,1.1935e+15,2.9331e+15,1.9894e+15,1.2394e+15,2.8695e+14,1061.1,1,14.973,14.973,94,0
3.0297e+14,1.193e+15,2.9318e+15,1.9885e+15,1.2388e+15,2.8682e+14,1061.1,1,15.136,15.136,94,0
3.0284e+14,1.1924e+15,2.9305e+15,1.9876e+15,1.2382e+15,2.8669e+14,1061,1,15.299,15.299,94,0
3.027e+14,1.1919e+15,2.9292e+15,1.9867e+15,1.2377e+15,2.8657e+14,1061,1,15.461,15.461,94,0
3.0257e+14,1.1914e+15,2.9278e+15,1.9859e+15,1.2371e+15,2.8644e+14,1060.9,1,15.624,15.624,94,0
3.0243e+14,1.1908e+15,2.9265e+15,1.985e+15,1.2366e+15,2.8631e+14,1060.9,1,15.787,15.787,94,0
3.0229e+14,1.1903e+15,2.9252e+15,1.9841e+15,1.236e+15,2.8618e+14,1060.8,1,15.95,15.95,94,0
3.0216e+14,1.1898e+15,2.9239e+15,1.9832e+15,1.2355e+15,2.8606e+14,1060.8,1,16.112,16.112,94,0
3.0202e+14,1.1892e+15,2.9226e+15,1.9823e+15,1.2349e+15,2.8593e+14,1060.7,1,16.275,16.275,94,0
3.0189e+14,1.1887e+15,2.9213e+15,1.9814e+15,1.2343e+15,2.858e+14,1060.7,1,16.438,16.438,94,0
3.0175e+14,1.1882e+15,2.9199e+15,1.9805e+15,1.2338e+15,2.8567e+14,1060.7,1,16.601,16.601,94,0
3.0161e+14,1.1876e+15,2.9186e+15,1.9796e+15,1.2332e+15,2.8554e+14,1060.6,1,16.763,16.763,94,0
3.0148e+14,1.1871e+15,2.9173e+15,1.9787e+15,1.2327e+15,2.8542e+14,1060.6,1,16.926,16.926,94,0
3.0134e+14,1.1866e+15,2.916e+15,1.9778e+15,1.2321e+15,2.8529e+14,1060.5,1,17.089,17.089,94,0
3.0121e+14,1.186e+15,2.9147e+15,1.9769e+15,1.2316e+15,2.8516e+14,1060.5,1,17.251,17.251,94,0
3.0107e+14,1.1855e+15,2.9133e+15,1.976e+15,1.231e+15,2.8503e+14,1060.4,1,17.414,17.414,94,0
3.0093e+14,1.1849e+15,2.912e+15,1.9751e+15,1.2304e+15,2.8491e+14,1060.4,1,17.577,17.577,94,0
3.008e+14,1.1844e+15,2.9107e+15,1.9742e+15,1.2299e+15,2.8478e+14,1060.3,1,17.74,17.74,94,0
3.0066e+14,1.1839e+15,2.9094e+15,1.9733e+15,1.2293e+15,2.8465e+14,1060.3,1,17.903,17.903,94,0
3.0052e+14,1.1833e+15,2.908e+15,1.9724e+15,1.2287e+15,2.8452e+14,1060.2,1,18.065,18.065,94,0
3.0035e+14,1.1826e+15,2.9063e+15,1.9713e+15,1.228e+15,2.8436e+14,1060.2,1,18.228,18.228,94,0
3.0017e+14,1.182e+15,2.9047e+15,1.9701e+15,1.2273e+15,2.8419e+14,1060.1,1,18.391,18.391,94,0
3e+14,1.1813e+15,2.903e+15,1.969e+15,1.2266e+15,2.8403e+14,1060.1,1,18.553,18.553,94,0
2.9983e+14,1.1806e+15,2.9013e+15,1.9678e+15,1.2259e+15,2.8387e+14,1060,1,18.716,18.716,94,0
2.9965e+14,1.1799e+15,2.8996e+15,1.9667e+15,1.2252e+15,2.8371e+14,1060,1,18.879,18.879,94,0
2.9948e+14,1.1792e+15,2.8979e+15,1.9656e+15,1.2245e+15,2.8354e+14,1059.9,1,19.042,19.042,94,0
2.993e+14,1.1785e+15,2.8963e+15,1.9644e+15,1.2238e+15,2.8338e+14,1059.9,1,19.205,19.205,94,0
2.9913e+14,1.1779e+15,2.8946e+15,1.9633e+15,1.2231e+15,2.8322e+14,1059.8,1,19.367,19.367,94,0
2.9896e+14,1.1772e+15,2.8929e+15,1.9621e+15,1.2224e+15,2.8306e+14,1059.7,1,19.53,19.53,94,0
2.9878e+14,1.1765e+15,2.8912e+15,1.961e+15,1.2216e+15,2.8289e+14,1059.7,1,19.693,19.693,94,0
2.9861e+14,1.1758e+15,2.8895e+15,1.9599e+15,1.2209e+15,2.8273e+14,1059.6,1,19.855,19.855,94,0
2.9844e+14,1.1751e+15,2.8879e+15,1.9587e+15,1.2202e+15,2.8257e+14,1059.6,1,20.018,20.018,94,0
2.9826e+14,1.1744e+15,2.8862e+15,1.9576e+15,1.2195e+15,2.824e+14,1059.5,1,20.181,20.181,94,0
2.9809e+14,1.1738e+15,2.8845e+15,1.9564e+15,1.2188e+15,2.8224e+14,1059.5,1,20.344,20.344,94,0
2.9792e+14,1.1731e+15,2.8828e+15,1.9553e+15,1.2181e+15,2.8208e+14,1059.4,1,20.507,20.507,94,0
2.9774e+14,1.1724e+15,2.8811e+15,1.9542e+15,1.2174e+15,2.8192e+14,1059.3,1,20.669,20.669,94,0
2.9757e+14,1.1717e+15,2.8795e+15,1.953e+15,1.2167e+15,2.8175e+14,1059.3,1,20.832,20.832,94,0
2.974e+14,1.171e+15,2.8778e+15,1.9519e+15,1.216e+15,2.8159e+14,1059.2,1,20.995,20.995,94,0
2.9722e+14,1.1703e+15,2.8761e+15,1.9507e+15,1.2153e+15,2.8143e+14,1059.2,1,21.157,21.157,94,0
2.9705e+14,1.1697e+15,2.8744e+15,1.9496e+15,1.2145e+15,2.8127e+14,1059.1,1,21.32,21.32,94,0
2.9688e+14,1.169e+15,2.8727e+15,1.9485e+15,1.2138e+15,2.811e+14,1059.1,1,21.483,21.483,94,0
2.967e+14,1.1683e+15,2.8711e+15,1.9473e+15,1.2131e+15,2.8094e+14,1059,1,21.646,21.646,94,0
2.9653e+14,1.1676e+15,2.8694e+15,1.9462e+15,1.2124e+15,2.8078e+14,1058.9,1,21.809,21.809,94,0
2.9636e+14,1.1669e+15,2.8677e+15,1.945e+15,1.2117e+15,2.8062e+14,1058.9,1,21.971,21.971,94,0
2.9618e+14,1.1662e+15,2.866e+15,1.9439e+15,1.211e+15,2.8045e+14,1058.8,1,22.134,22.134,94,0
2.9601e+14,1.1656e+15,2.8643e+15,1.9428e+15,1.2103e+15,2.8029e+14,1058.8,1,22.297,22.297,94,0
2.9584e+14,1.1649e+15,2.8627e+15,1.9416e+15,1.2096e+15,2.8013e+14,1058.7,1,22.459,22.459,94,0
2.9565e+14,1.1641e+15,2.8608e+15,1.9404e+15,1.2088e+15,2.7995e+14,1058.7,1,22.622,22.622,94,0
2.9544e+14,1.1633e+15,2.8588e+15,1.939e+15,1.2079e+15,2.7975e+14,1058.6,1,22.785,22.785,94,0
2.9523e+14,1.1625e+15,2.8567e+15,1.9376e+15,1.2071e+15,2.7956e+14,1058.5,1,22.948,22.948,94,0
2.9502e+14,1.1617e+15,2.8547e+15,1.9362e+15,1.2062e+15,2.7936e+14,1058.4,1,23.111,23.111,94,0
2.9481e+14,1.1608e+15,2.8527e+15,1.9348e+15,1.2054e+15,2.7916e+14,1058.4,1,23.273,23.273,94,0
2.9459e+14,1.16e+15,2.8506e+15,1.9335e+15,1.2045e+15,2.7896e+14,1058.3,1,23.436,23.436,94,0
2.9438e+14,1.1592e+15,2.8486e+15,1.9321e+15,1.2036e+15,2.7877e+14,1058.2,1,23.599,23.599,94,0
2.9417e+14,1.1583e+15,2.8466e+15,1.9307e+15,1.2028e+15,2.7857e+14,1058.2,1,23.761,23.761,94,0
2.9396e+14,1.1575e+15,2.8445e+15,1.9293e+15,1.2019e+15,2.7837e+14,1058.1,1,23.924,23.924,94,0
2.9375e+14,1.1567e+15,2.8425e+15,1.9279e+15,1.2011e+15,2.7818e+14,1058,1,24.087,24.087,94,0
2.9354e+14,1.1559e+15,2.8405e+15,1.9266e+15,1.2002e+15,2.7798e+14,1058,1,24.25,24.25,94,0
2.9333e+14,1.155e+15,2.8384e+15,1.9252e+15,1.1993e+15,2.7778e+14,1057.9,1,24.413,24.413,94,0
2.9312e+14,1.1542e+15,2.8364e+15,1.9238e+15,1.1985e+15,2.7758e+14,1057.8,1,24.575,24.575,94,0
2.9291e+14,1.1534e+15,2.8344e+15,1.9224e+15,1.1976e+15,2.7739e+14,1057.8,1,24.738,24.738,94,0
2.927e+14,1.1526e+15,2.8323e+15,1.921e+15,1.1968e+15,2.7719e+14,1057.7,1,24.901,24.901,94,0
2.9249e+14,1.1517e+15,2.8303e+15,1.9197e+15,1.1959e+15,2.7699e+14,1057.6,1,25.063,25.063,94,0
2.9228e+14,1.1509e+15,2.8283e+15,1.9183e+15,1.195e+15,2.768e+14,1057.6,1,25.226,25.226,94,0
2.9207e+14,1.1501e+15,2.8262e+15,1.9169e+15,1.1942e+15,2.766e+14,1057.5,1,25.389,25.389,94,0
2.9186e+14,1.1493e+15,2.8242e+15,1.9155e+15,1.1933e+15,2.764e+14,1057.4,1,25.552,25.552,94,0
2.9165e+14,1.1484e+15,2.8222e+15,1.9141e+15,1.1925e+15,2.7621e+14,1057.3,1,25.715,25.715,94,0
2.9144e+14,1.1476e+15,2.8201e+15,1.9127e+15,1.1916e+15,2.7601e+14,1057.3,1,25.877,25.877,94,0
2.9123e+14,1.1468e+15,2.8181e+15,1.9114e+15,1.1907e+15,2.7581e+14,1057.2,1,26.04,26.04,94,0
2.9102e+14,1.1459e+15,2.8161e+15,1.91e+15,1.1899e+15,2.7561e+14,1057.1,1,26.203,26.203,94,0
2.9081e+14,1.1451e+15,2.814e+15,1.9086e+15,1.189e+15,2.7542e+14,1057.1,1,26.365,26.365,94,0
2.906e+14,1.1443e+15,2.812e+15,1.9072e+15,1.1882e+15,2.7522e+14,1057,1,26.528,26.528,94,0
2.9039e+14,1.1435e+15,2.8099e+15,1.9058e+15,1.1873e+15,2.7502e+14,1056.9,1,26.691,26.691,94,0
2.9018e+14,1.1426e+15,2.8079e+15,1.9045e+15,1.1864e+15,2.7483e+14,1056.9,1,26.854,26.854,94,0
2.8997e+14,1.1418e+15,2.8059e+15,1.9031e+15,1.1856e+15,2.7463e+14,1056.8,1,27.017,27.017,94,0
2.8974e+14,1.1409e+15,2.8036e+15,1.9015e+15,1.1846e+15,2.7441e+14,1056.7,1,27.179,27.179,94,0
2.8949e+14,1.1399e+15,2.8012e+15,1.8999e+15,1.1836e+15,2.7418e+14,1056.6,1,27.342,27.342,94,0
2.8924e+14,1.1389e+15,2.7988e+15,1.8983e+15,1.1826e+15,2.7395e+14,1056.6,1,27.505,27.505,94,0
2.89e+14,1.138e+15,2.7964e+15,1.8967e+15,1.1816e+15,2.7372e+14,1056.5,1,27.667,27.667,94,0
2.8875e+14,1.137e+15,2.7941e+15,1.8951e+15,1.1806e+15,2.7348e+14,1056.4,1,27.83,27.83,94,0
2.8851e+14,1.136e+15,2.7917e+15,1.8934e+15,1.1796e+15,2.7325e+14,1056.3,1,27.993,27.993,94,0
2.8826e+14,1.1351e+15,2.7893e+15,1.8918e+15,1.1786e+15,2.7302e+14,1056.2,1,28.156,28.156,94,0
2.8801e+14,1.1341e+15,2.7869e+15,1.8902e+15,1.1776e+15,2.7279e+14,1056.2,1,28.319,28.319,94,0
2.8777e+14,1.1331e+15,2.7845e+15,1.8886e+15,1.1766e+15,2.7256e+14,1056.1,1,28.481,28.481,94,0
2.8752e+14,1.1322e+15,2.7822e+15,1.887e+15,1.1756e+15,2.7233e+14,1056,1,28.644,28.644,94,0
2.8728e+14,1.1312e+15,2.7798e+15,1.8854e+15,1.1746e+15,2.721e+14,1055.9,1,28.807,28.807,94,0
2.8703e+14,1.1302e+15,2.7774e+15,1.8838e+15,1.1736e+15,2.7187e+14,1055.8,1,28.969,28.969,94,0
2.8679e+14,1.1293e+15,2.775e+15,1.8821e+15,1.1725e+15,2.7164e+14,1055.8,1,29.132,29.132,94,0
2.8654e+14,1.1283e+15,2.7726e+15,1.8805e+15,1.1715e+15,2.7141e+14,1055.7,1,29.295,29.295,94,0
2.8629e+14,1.1273e+15,2.7703e+15,1.8789e+15,1.1705e+15,2.7118e+14,1055.6,1,29.458,29.458,94,0
2.8605e+14,1.1264e+15,2.7679e+15,1.8773e+15,1.1695e+15,2.7095e+14,1055.5,1,29.621,29.621,94,0
2.858e+14,1.1254e+15,2.7655e+15,1.8757e+15,1.1685e+15,2.7072e+14,1055.4,1,29.783,29.783,94,0
2.8556e+14,1.1244e+15,2.7631e+15,1.8741e+15,1.1675e+15,2.7049e+14,1055.4,1,29.946,29.946,94,0
2.8531e+14,1.1235e+15,2.7607e+15,1.8724e+15,1.1665e+15,2.7025e+14,1055.3,1,30.109,30.109,94,0
2.8506e+14,1.1225e+15,2.7583e+15,1.8708e+15,1.1655e+15,2.7002e+14,1055.2,1,30.271,30.271,94,0
2.8482e+14,1.1215e+15,2.756e+15,1.8692e+15,1.1645e+15,2.6979e+14,1055.1,1,30.434,30.434,94,0
2.8457e+14,1.1206e+15,2.7536e+15,1.8676e+15,1.1635e+15,2.6956e+14,1055,1,30.597,30.597,94,0
2.8433e+14,1.1196e+15,2.7512e+15,1.866e+15,1.1625e+15,2.6933e+14,1055,1,30.76,30.76,94,0
2.8408e+14,1.1186e+15,2.7488e+15,1.8644e+15,1.1615e+15,2.691e+14,1054.9,1,30.923,30.923,94,0
2.8383e+14,1.1177e+15,2.7464e+15,1.8628e+15,1.1605e+15,2.6887e+14,1054.8,1,31.085,31.085,94,0
2.8359e+14,1.1167e+15,2.7441e+15,1.8611e+15,1.1595e+15,2.6864e+14,1054.7,1,31.248,31.248,94,0
2.8334e+14,1.1157e+15,2.7417e+15,1.8595e+15,1.1585e+15,2.6841e+14,1054.6,1,31.411,31.411,94,0
2.831e+14,1.1147e+15,2.7393e+15,1.8579e+15,1.1575e+15,2.6818e+14,1054.6,1,31.573,31.573,94,0
2.8282e+14,1.1136e+15,2.7366e+15,1.8561e+15,1.1563e+15,2.6791e+14,1054.5,1,31.736,31.736,94,0
2.8253e+14,1.1125e+15,2.7339e+15,1.8542e+15,1.1552e+15,2.6765e+14,1054.4,1,31.899,31.899,94,0
2.8225e+14,1.1114e+15,2.7311e+15,1.8524e+15,1.154e+15,2.6739e+14,1054.3,1,32.062,32.062,94,0
2.8197e+14,1.1103e+15,2.7284e+15,1.8505e+15,1.1529e+15,2.6712e+14,1054.2,1,32.224,32.224,94,0
2.8169e+14,1.1092e+15,2.7257e+15,1.8487e+15,1.1517e+15,2.6686e+14,1054.1,1,32.387,32.387,94,0
2.8141e+14,1.1081e+15,2.723e+15,1.8468e+15,1.1506e+15,2.666e+14,1054,1,32.55,32.55,94,0
2.8113e+14,1.107e+15,2.7203e+15,1.845e+15,1.1494e+15,2.6633e+14,1053.9,1,32.713,32.713,94,0
2.8085e+14,1.1059e+15,2.7176e+15,1.8432e+15,1.1483e+15,2.6607e+14,1053.8,1,32.875,32.875,94,0
2.8057e+14,1.1048e+15,2.7148e+15,1.8413e+15,1.1471e+15,2.6581e+14,1053.7,1,33.038,33.038,94,0
2.8029e+14,1.1037e+15,2.7121e+15,1.8395e+15,1.146e+15,2.6554e+14,1053.6,1,33.201,33.201,94,0
2.8001e+14,1.1026e+15,2.7094e+15,1.8376e+15,1.1448e+15,2.6528e+14,1053.5,1,33.364,33.364,94,0
2.7973e+14,1.1015e+15,2.7067e+15,1.8358e+15,1.1437e+15,2.6502e+14,1053.5,1,33.527,33.527,94,0
2.7945e+14,1.1004e+15,2.704e+15,1.8339e+15,1.1425e+15,2.6475e+14,1053.4,1,33.689,33.689,94,0
2.7917e+14,1.0993e+15,2.7013e+15,1.8321e+15,1.1414e+15,2.6449e+14,1053.3,1,33.852,33.852,94,0
2.7889e+14,1.0982e+15,2.6985e+15,1.8302e+15,1.1402e+15,2.6423e+14,1053.2,1,34.015,34.015,94,0
2.7861e+14,1.0971e+15,2.6958e+15,1.8284e+15,1.1391e+15,2.6396e+14,1053.1,1,34.178,34.178,94,0
2.7833e+14,1.096e+15,2.6931e+15,1.8266e+15,1.1379e+15,2.637e+14,1053,1,34.34,34.34,94,0
2.7805e+14,1.0949e+15,2.6904e+15,1.8247e+15,1.1368e+15,2.6344e+14,1052.9,1,34.503,34.503,94,0
2.7777e+14,1.0938e+15,2.6877e+15,1.8229e+15,1.1356e+15,2.6317e+14,1052.8,1,34.666,34.666,94,0
2.7749e+14,1.0927e+15,2.685e+15,1.821e+15,1.1345e+15,2.6291e+14,1052.7,1,34.828,34.828,94,0
2.772e+14,1.0916e+15,2.6822e+15,1.8192e+15,1.1333e+15,2.6265e+14,1052.6,1,34.991,34.991,94,0
2.7692e+14,1.0905e+15,2.6795e+15,1.8173e+15,1.1322e+15,2.6238e+14,1052.5,1,35.154,35.154,94,0
2.7664e+14,1.0894e+15,2.6768e+15,1.8155e+15,1.1311e+15,2.6212e+14,1052.5,1,35.317,35.317,94,0
2.7636e+14,1.0883e+15,2.6741e+15,1.8137e+15,1.1299e+15,2.6186e+14,1052.4,1,35.479,35.479,94,0
2.7608e+14,1.0871e+15,2.6714e+15,1.8118e+15,1.1288e+15,2.6159e+14,1052.3,1,35.642,35.642,94,0
2.758e+14,1.086e+15,2.6687e+15,1.81e+15,1.1276e+15,2.6133e+14,1052.2,1,35.805,35.805,94,0
2.7552e+14,1.0849e+15,2.6659e+15,1.8081e+15,1.1265e+15,2.6107e+14,1052.1,1,35.968,35.968,94,0
2.7523e+14,1.0838e+15,2.6631e+15,1.8062e+15,1.1253e+15,2.608e+14,1052,1,36.131,36.131,94,0
2.7492e+14,1.0826e+15,2.6601e+15,1.8042e+15,1.124e+15,2.605e+14,1051.9,1,36.293,36.293,94,0
2.746e+14,1.0813e+15,2.6571e+15,1.8021e+15,1.1227e+15,2.6021e+14,1051.8,1,36.456,36.456,94,0
2.7429e+14,1.0801e+15,2.654e+15,1.8e+15,1.1214e+15,2.5991e+14,1051.7,1,36.619,36.619,94,0
2.7397e+14,1.0789e+15,2.651e+15,1.798e+15,1.1201e+15,2.5962e+14,1051.6,1,36.782,36.782,94,0
2.7366e+14,1.0776e+15,2.6479e+15,1.7959e+15,1.1188e+15,2.5932e+14,1051.5,1,36.944,36.944,94,0
2.7335e+14,1.0764e+15,2.6449e+15,1.7938e+15,1.1176e+15,2.5903e+14,1051.4,1,37.107,37.107,94,0
2.7303e+14,1.0751e+15,2.6419e+15,1.7918e+15,1.1163e+15,2.5873e+14,1051.3,1,37.27,37.27,94,0
2.7272e+14,1.0739e+15,2.6388e+15,1.7897e+15,1.115e+15,2.5844e+14,1051.2,1,37.432,37.432,94,0
2.7241e+14,1.0727e+15,2.6358e+15,1.7877e+15,1.1137e+15,2.5814e+14,1051.1,1,37.595,37.595,94,0
2.7209e+14,1.0714e+15,2.6327e+15,1.7856e+15,1.1124e+15,2.5785e+14,1051,1,37.758,37.758,94,0
2.7178e+14,1.0702e+15,2.6297e+15,1.7835e+15,1.1111e+15,2.5755e+14,1050.9,1,37.921,37.921,94,0
2.7146e+14,1.069e+15,2.6267e+15,1.7815e+15,1.1099e+15,2.5726e+14,1050.8,1,38.083,38.083,94,0
2.7115e+14,1.0677e+15,2.6236e+15,1.7794e+15,1.1086e+15,2.5696e+14,1050.7,1,38.246,38.246,94,0
2.7084e+14,1.0665e+15,2.6206e+15,1.7773e+15,1.1073e+15,2.5667e+14,1050.6,1,38.409,38.409,94,0
2.7052e+14,1.0653e+15,2.6175e+15,1.7753e+15,1.106e+15,2.5637e+14,1050.5,1,38.572,38.572,94,0
2.7021e+14,1.064e+15,2.6145e+15,1.7732e+15,1.1047e+15,2.5608e+14,1050.4,1,38.735,38.735,94,0
2.6989e+14,1.0628e+15,2.6115e+15,1.7712e+15,1.1034e+15,2.5578e+14,1050.3,1,38.897,38.897,94,0
2.6958e+14,1.0616e+15,2.6084e+15,1.7691e+15,1.1021e+15,2.5549e+14,1050.2,1,39.06,39.06,94,0
2.6927e+14,1.0603e+15,2.6054e+15,1.767e+15,1.1009e+15,2.5519e+14,1050.1,1,39.223,39.223,94,0
2.6895e+14,1.0591e+15,2.6023e+15,1.765e+15,1.0996e+15,2.549e+14,1049.9,1,39.386,39.386,94,0
2.6864e+14,1.0579e+15,2.5993e+15,1.7629e+15,1.0983e+15,2.546e+14,1049.8,1,39.548,39.548,94,0
2.6832e+14,1.0566e+15,2.5963e+15,1.7608e+15,1.097e+15,2.5431e+14,1049.7,1,39.711,39.711,94,0
2.6801e+14,1.0554e+15,2.5932e+15,1.7588e+15,1.0957e+15,2.5401e+14,1049.6,1,39.874,39.874,94,0
2.677e+14,1.0541e+15,2.5902e+15,1.7567e+15,1.0944e+15,2.5372e+14,1049.5,1,40.036,40.036,94,0
2.6738e+14,1.0529e+15,2.5871e+15,1.7547e+15,1.0932e+15,2.5343e+14,1049.4,1,40.199,40.199,94,0
2.6707e+14,1.0517e+15,2.5841e+15,1.7526e+15,1.0919e+15,2.5313e+14,1049.3,1,40.362,40.362,94,0
2.6675e+14,1.0504e+15,2.5811e+15,1.7505e+15,1.0906e+15,2.5284e+14,1049.2,1,40.525,40.525,94,0
2.6642e+14,1.0491e+15,2.5778e+15,1.7483e+15,1.0892e+15,2.5252e+14,1049.1,1,40.688,40.688,94,0
2.6608e+14,1.0478e+15,2.5745e+15,1.7461e+15,1.0878e+15,2.522e+14,1049,1,40.85,40.85,94,0
2.6573e+14,1.0464e+15,2.5711e+15,1.7438e+15,1.0864e+15,2.5187e+14,1048.9,1,41.013,41.013,94,0
2.6538e+14,1.045e+15,2.5678e+15,1.7415e+15,1.085e+15,2.5155e+14,1048.8,1,41.176,41.176,94,0
2.6504e+14,1.0437e+15,2.5644e+15,1.7393e+15,1.0836e+15,2.5122e+14,1048.7,1,41.339,41.339,94,0
2.6469e+14,1.0423e+15,2.5611e+15,1.737e+15,1.0821e+15,2.509e+14,1048.6,1,41.501,41.501,94,0
2.6435e+14,1.041e+15,2.5577e+15,1.7347e+15,1.0807e+15,2.5057e+14,1048.5,1,41.664,41.664,94,0
2.64e+14,1.0396e+15,2.5544e+15,1.7324e+15,1.0793e+15,2.5025e+14,1048.3,1,41.827,41.827,94,0
2.6365e+14,1.0382e+15,2.5511e+15,1.7302e+15,1.0779e+15,2.4992e+14,1048.2,1,41.989,41.989,94,0
2.6331e+14,1.0369e+15,2.5477e+15,1.7279e+15,1.0765e+15,2.496e+14,1048.1,1,42.152,42.152,94,0
2.6296e+14,1.0355e+15,2.5444e+15,1.7256e+15,1.0751e+15,2.4927e+14,1048,1,42.315,42.315,94,0
2.6262e+14,1.0342e+15,2.541e+15,1.7234e+15,1.0737e+15,2.4895e+14,1047.9,1,42.478,42.478,94,0
2.6227e+14,1.0328e+15,2.5377e+15,1.7211e+15,1.0722e+15,2.4862e+14,1047.8,1,42.64,42.64,94,0
2.6193e+14,1.0314e+15,2.5343e+15,1.7188e+15,1.0708e+15,2.483e+14,1047.7,1,42.803,42.803,94,0
2.6158e+14,1.0301e+15,2.531e+15,1.7165e+15,1.0694e+15,2.4797e+14,1047.6,1,42.966,42.966,94,0
2.6123e+14,1.0287e+15,2.5276e+15,1.7143e+15,1.068e+15,2.4765e+14,1047.4,1,43.129,43.129,94,0
2.6089e+14,1.0274e+15,2.5243e+15,1.712e+15,1.0666e+15,2.4732e+14,1047.3,1,43.292,43.292,94,0
2.6054e+14,1.026e+15,2.5209e+15,1.7097e+15,1.0652e+15,2.47e+14,1047.2,1,43.454,43.454,94,0
2.602e+14,1.0246e+15,2.5176e+15,1.7074e+15,1.0637e+15,2.4667e+14,1047.1,1,43.617,43.617,94,0
2.5985e+14,1.0233e+15,2.5142e+15,1.7052e+15,1.0623e+15,2.4635e+14,1047,1,43.78,43.78,94,0
2.595e+14,1.0219e+15,2.5109e+15,1.7029e+15,1.0609e+15,2.4602e+14,1046.9,1,43.943,43.943,94,0
2.5916e+14,1.0205e+15,2.5075e+15,1.7006e+15,1.0595e+15,2.457e+14,1046.8,1,44.105,44.105,94,0
2.5881e+14,1.0192e+15,2.5042e+15,1.6984e+15,1.0581e+15,2.4537e+14,1046.7,1,44.268,44.268,94,0
2.5847e+14,1.0178e+15,2.5008e+15,1.6961e+15,1.0567e+15,2.4505e+14,1046.5,1,44.431,44.431,94,0
2.5812e+14,1.0165e+15,2.4975e+15,1.6938e+15,1.0553e+15,2.4472e+14,1046.4,1,44.593,44.593,94,0
2.5777e+14,1.0151e+15,2.4941e+15,1.6915e+15,1.0538e+15,2.444e+14,1046.3,1,44.756,44.756,94,0
2.5743e+14,1.0137e+15,2.4908e+15,1.6893e+15,1.0524e+15,2.4407e+14,1046.2,1,44.919,44.919,94,0
2.5708e+14,1.0124e+15,2.4874e+15,1.687e+15,1.051e+15,2.4375e+14,1046.1,1,45.082,45.082,94,0
2.5671e+14,1.0109e+15,2.4838e+15,1.6845e+15,1.0495e+15,2.434e+14,1046,1,45.244,45.244,94,0
2.5633e+14,1.0094e+15,2.4802e+15,1.6821e+15,1.0479e+15,2.4304e+14,1045.9,1,45.407,45.407,94,0
2.5596e+14,1.008e+15,2.4765e+15,1.6796e+15,1.0464e+15,2.4269e+14,1045.7,1,45.57,45.57,94,0
2.5558e+14,1.0065e+15,2.4729e+15,1.6771e+15,1.0449e+15,2.4234e+14,1045.6,1,45.733,45.733,94,0
2.5521e+14,1.005e+15,2.4693e+15,1.6747e+15,1.0433e+15,2.4198e+14,1045.5,1,45.896,45.896,94,0
2.5483e+14,1.0035e+15,2.4656e+15,1.6722e+15,1.0418e+15,2.4163e+14,1045.4,1,46.058,46.058,94,0
2.5445e+14,1.002e+15,2.462e+15,1.6697e+15,1.0402e+15,2.4128e+14,1045.2,1,46.221,46.221,94,0
2.5408e+14,1.0005e+15,2.4583e+15,1.6673e+15,1.0387e+15,2.4092e+14,1045.1,1,46.384,46.384,94,0
2.537e+14,9.9907e+14,2.4547e+15,1.6648e+15,1.0372e+15,2.4057e+14,1045,1,46.547,46.547,94,0
2.5332e+14,9.9759e+14,2.451e+15,1.6623e+15,1.0356e+15,2.4022e+14,1044.9,1,46.709,46.709,94,0
2.5295e+14,9.9611e+14,2.4474e+15,1.6598e+15,1.0341e+15,2.3986e+14,1044.8,1,46.872,46.872,94,0
2.5257e+14,9.9463e+14,2.4438e+15,1.6574e+15,1.0326e+15,2.3951e+14,1044.6,1,47.035,47.035,94,0
2.522e+14,9.9315e+14,2.4401e+15,1.6549e+15,1.031e+15,2.3915e+14,1044.5,1,47.197,47.197,94,0
2.5182e+14,9.9167e+14,2.4365e+15,1.6524e+15,1.0295e+15,2.388e+14,1044.4,1,47.36,47.36,94,0
2.5144e+14,9.9019e+14,2.4328e+15,1.65e+15,1.0279e+15,2.3845e+14,1044.3,1,47.523,47.523,94,0
2.5107e+14,9.8871e+14,2.4292e+15,1.6475e+15,1.0264e+15,2.3809e+14,1044.1,1,47.686,47.686,94,0
2.5069e+14,9.8723e+14,2.4256e+15,1.645e+15,1.0249e+15,2.3774e+14,1044,1,47.848,47.848,94,0
2.5032e+14,9.8575e+14,2.4219e+15,1.6425e+15,1.0233e+15,2.3739e+14,1043.9,1,48.011,48.011,94,0
2.4994e+14,9.8426e+14,2.4183e+15,1.6401e+15,1.0218e+15,2.3703e+14,1043.8,1,48.174,48.174,94,0
2.4956e+14,9.8278e+14,2.4146e+15,1.6376e+15,1.0202e+15,2.3668e+14,1043.7,1,48.337,48.337,94,0
2.4919e+14,9.813e+14,2.411e+15,1.6351e+15,1.0187e+15,2.3633e+14,1043.5,1,48.5,48.5,94,0
2.4881e+14,9.7982e+14,2.4073e+15,1.6327e+15,1.0172e+15,2.3597e+14,1043.4,1,48.662,48.662,94,0
2.4843e+14,9.7834e+14,2.4037e+15,1.6302e+15,1.0156e+15,2.3562e+14,1043.3,1,48.825,48.825,94,0
2.4806e+14,9.7686e+14,2.4001e+15,1.6277e+15,1.0141e+15,2.3526e+14,1043.2,1,48.988,48.988,94,0
2.4768e+14,9.7538e+14,2.3964e+15,1.6252e+15,1.0125e+15,2.3491e+14,1043,1,49.151,49.151,94,0
2.4731e+14,9.739e+14,2.3928e+15,1.6228e+15,1.011e+15,2.3456e+14,1042.9,1,49.313,49.313,94,0
2.4693e+14,9.7242e+14,2.3891e+15,1.6203e+15,1.0095e+15,2.342e+14,1042.8,1,49.476,49.476,94,0
2.4655e+14,9.7092e+14,2.3854e+15,1.6178e+15,1.0079e+15,2.3384e+14,1042.7,1,49.639,49.639,94,0
2.4614e+14,9.6933e+14,2.3815e+15,1.6151e+15,1.0062e+15,2.3346e+14,1042.5,1,49.801,49.801,94,0
2.4574e+14,9.6774e+14,2.3776e+15,1.6125e+15,1.0046e+15,2.3308e+14,1042.4,1,49.964,49.964,94,0
2.4534e+14,9.6614e+14,2.3737e+15,1.6098e+15,1.0029e+15,2.327e+14,1042.3,1,50.127,50.127,94,0
2.4493e+14,9.6455e+14,2.3698e+15,1.6072e+15,1.0013e+15,2.3232e+14,1042.2,1,50.29,50.29,94,0
2.4453e+14,9.6296e+14,2.3659e+15,1.6045e+15,9.9962e+14,2.3194e+14,1042,1,50.452,50.452,94,0
2.4412e+14,9.6136e+14,2.3619e+15,1.6018e+15,9.9796e+14,2.3156e+14,1041.9,1,50.615,50.615,94,0
2.4372e+14,9.5977e+14,2.358e+15,1.5992e+15,9.963e+14,2.3118e+14,1041.8,1,50.778,50.778,94,0
2.4331e+14,9.5818e+14,2.3541e+15,1.5965e+15,9.9465e+14,2.308e+14,1041.6,1,50.941,50.941,94,0
2.4291e+14,9.5659e+14,2.3502e+15,1.5939e+15,9.9299e+14,2.3042e+14,1041.5,1,51.104,51.104,94,0
2.425e+14,9.5499e+14,2.3463e+15,1.5912e+15,9.9134e+14,2.3004e+14,1041.4,1,51.266,51.266,94,0
2.421e+14,9.534e+14,2.3423e+15,1.5885e+15,9.8968e+14,2.2966e+14,1041.2,1,51.429,51.429,94,0
2.4169e+14,9.5181e+14,2.3384e+15,1.5859e+15,9.8802e+14,2.2928e+14,1041.1,1,51.592,51.592,94,0
2.4129e+14,9.5022e+14,2.3345e+15,1.5832e+15,9.8637e+14,2.289e+14,1041,1,51.755,51.755,94,0
2.4088e+14,9.4862e+14,2.3306e+15,1.5806e+15,9.8471e+14,2.2851e+14,1040.8,1,51.917,51.917,94,0
2.4048e+14,9.4703e+14,2.3267e+15,1.5779e+15,9.8305e+14,2.2813e+14,1040.7,1,52.08,52.08,94,0
2.4007e+14,9.4544e+14,2.3228e+15,1.5753e+15,9.814e+14,2.2775e+14,1040.6,1,52.243,52.243,94,0
2.3967e+14,9.4385e+14,2.3188e+15,1.5726e+15,9.7974e+14,2.2737e+14,1040.5,1,52.405,52.405,94,0
2.3926e+14,9.4225e+14,2.3149e+15,1.5699e+15,9.7808e+14,2.2699e+14,1040.3,1,52.568,52.568,94,0
2.3886e+14,9.4066e+14,2.311e+15,1.5673e+15,9.7643e+14,2.2661e+14,1040.2,1,52.731,52.731,94,0
2.3846e+14,9.3907e+14,2.3071e+15,1.5646e+15,9.7477e+14,2.2623e+14,1040.1,1,52.894,52.894,94,0
2.3805e+14,9.3747e+14,2.3032e+15,1.562e+15,9.7311e+14,2.2585e+14,1039.9,1,53.056,53.056,94,0
2.3765e+14,9.3588e+14,2.2992e+15,1.5593e+15,9.7146e+14,2.2547e+14,1039.8,1,53.219,53.219,94,0
2.3724e+14,9.3429e+14,2.2953e+15,1.5566e+15,9.698e+14,2.2509e+14,1039.7,1,53.382,53.382,94,0
2.3684e+14,9.327e+14,2.2914e+15,1.554e+15,9.6814e+14,2.2471e+14,1039.5,1,53.545,53.545,94,0
2.3643e+14,9.311e+14,2.2875e+15,1.5513e+15,9.6649e+14,2.2433e+14,1039.4,1,53.708,53.708,94,0
2.3603e+14,9.2951e+14,2.2836e+15,1.5487e+15,9.6483e+14,2.2395e+14,1039.3,1,53.87,53.87,94,0
2.3562e+14,9.2792e+14,2.2797e+15,1.546e+15,9.6318e+14,2.2357e+14,1039.1,1,54.033,54.033,94,0
2.3521e+14,9.2628e+14,2.2756e+15,1.5433e+15,9.6147e+14,2.2317e+14,1039,1,54.196,54.196,94,0
2.3477e+14,9.2458e+14,2.2714e+15,1.5404e+15,9.597e+14,2.2277e+14,1038.9,1,54.359,54.359,94,0
2.3434e+14,9.2288e+14,2.2673e+15,1.5376e+15,9.5794e+14,2.2236e+14,1038.7,1,54.521,54.521,94,0
2.3391e+14,9.2118e+14,2.2631e+15,1.5348e+15,9.5617e+14,2.2196e+14,1038.6,1,54.684,54.684,94,0
2.3348e+14,9.1949e+14,2.2589e+15,1.5319e+15,9.5441e+14,2.2155e+14,1038.5,1,54.847,54.847,94,0
2.3305e+14,9.1779e+14,2.2547e+15,1.5291e+15,9.5264e+14,2.2114e+14,1038.3,1,55.009,55.009,94,0
2.3262e+14,9.1609e+14,2.2506e+15,1.5263e+15,9.5087e+14,2.2074e+14,1038.2,1,55.172,55.172,94,0
2.3219e+14,9.1439e+14,2.2464e+15,1.5234e+15,9.4911e+14,2.2033e+14,1038,1,55.335,55.335,94,0
2.3176e+14,9.127e+14,2.2422e+15,1.5206e+15,9.4734e+14,2.1993e+14,1037.9,1,55.498,55.498,94,0
2.3132e+14,9.11e+14,2.238e+15,1.5178e+15,9.4558e+14,2.1952e+14,1037.8,1,55.66,55.66,94,0
2.3089e+14,9.093e+14,2.2339e+15,1.5149e+15,9.4381e+14,2.1911e+14,1037.6,1,55.823,55.823,94,0
2.3046e+14,9.0761e+14,2.2297e+15,1.5121e+15,9.4205e+14,2.1871e+14,1037.5,1,55.986,55.986,94,0
2.3003e+14,9.0591e+14,2.2255e+15,1.5093e+15,9.4028e+14,2.183e+14,1037.3,1,56.149,56.149,94,0
2.296e+14,9.0421e+14,2.2213e+15,1.5064e+15,9.3852e+14,2.179e+14,1037.2,1,56.312,56.312,94,0
2.2917e+14,9.0251e+14,2.2172e+15,1.5036e+15,9.3675e+14,2.1749e+14,1037.1,1,56.474,56.474,94,0
2.2874e+14,9.0082e+14,2.213e+15,1.5008e+15,9.3498e+14,2.1708e+14,1036.9,1,56.637,56.637,94,0
2.2831e+14,8.9912e+14,2.2088e+15,1.4979e+15,9.3322e+14,2.1668e+14,1036.8,1,56.8,56.8,94,0
2.2788e+14,8.9742e+14,2.2046e+15,1.4951e+15,9.3145e+14,2.1627e+14,1036.6,1,56.963,56.963,94,0
2.2744e+14,8.9572e+14,2.2005e+15,1.4923e+15,9.2969e+14,2.1587e+14,1036.5,1,57.125,57.125,94,0
2.2701e+14,8.9403e+14,2.1963e+15,1.4894e+15,9.2792e+14,2.1546e+14,1036.4,1,57.288,57.288,94,0
2.2658e+14,8.9233e+14,2.1921e+15,1.4866e+15,9.2616e+14,2.1506e+14,1036.2,1,57.451,57.451,94,0
2.2615e+14,8.9063e+14,2.1879e+15,1.4838e+15,9.2439e+14,2.1465e+14,1036.1,1,57.613,57.613,94,0
2.2572e+14,8.8893e+14,2.1838e+15,1.4809e+15,9.2263e+14,2.1424e+14,1035.9,1,57.776,57.776,94,0
2.2529e+14,8.8724e+14,2.1796e+15,1.4781e+15,9.2086e+14,2.1384e+14,1035.8,1,57.939,57.939,94,0
2.2486e+14,8.8554e+14,2.1754e+15,1.4753e+15,9.1909e+14,2.1343e+14,1035.7,1,58.102,58.102,94,0
2.2443e+14,8.8384e+14,2.1712e+15,1.4724e+15,9.1733e+14,2.1303e+14,1035.5,1,58.264,58.264,94,0
2.2399e+14,8.8214e+14,2.1671e+15,1.4696e+15,9.1556e+14,2.1262e+14,1035.4,1,58.427,58.427,94,0
2.2356e+14,8.8045e+14,2.1629e+15,1.4668e+15,9.138e+14,2.1221e+14,1035.3,1,58.59,58.59,94,0
2.2311e+14,8.7868e+14,2.1585e+15,1.4638e+15,9.1196e+14,2.1179e+14,1035.1,1,58.753,58.753,94,0
2.2266e+14,8.7688e+14,2.1541e+15,1.4608e+15,9.1009e+14,2.1136e+14,1035,1,58.916,58.916,94,0
2.222e+14,8.7509e+14,2.1497e+15,1.4578e+15,9.0822e+14,2.1093e+14,1034.8,1,59.078,59.078,94,0
2.2175e+14,8.733e+14,2.1453e+15,1.4548e+15,9.0636e+14,2.105e+14,1034.7,1,59.241,59.241,94,0
2.2129e+14,8.715e+14,2.1409e+15,1.4518e+15,9.0449e+14,2.1007e+14,1034.5,1,59.404,59.404,94,0
2.2084e+14,8.6971e+14,2.1365e+15,1.4488e+15,9.0262e+14,2.0965e+14,1034.4,1,59.567,59.567,94,0
2.2038e+14,8.6791e+14,2.1321e+15,1.4458e+15,9.0076e+14,2.0922e+14,1034.2,1,59.729,59.729,94,0
2.1992e+14,8.6612e+14,2.1276e+15,1.4428e+15,8.9889e+14,2.0879e+14,1034.1,1,59.892,59.892,94,0
2.1947e+14,8.6433e+14,2.1232e+15,1.4398e+15,8.9703e+14,2.0836e+14,1033.9,1,60.055,60.055,94,0
2.1901e+14,8.6253e+14,2.1188e+15,1.4368e+15,8.9516e+14,2.0793e+14,1033.8,1,60.217,60.217,94,0
2.1856e+14,8.6074e+14,2.1144e+15,1.4338e+15,8.9329e+14,2.075e+14,1033.6,1,60.38,60.38,94,0
2.181e+14,8.5895e+14,2.11e+15,1.4308e+15,8.9143e+14,2.0707e+14,1033.5,1,60.543,60.543,94,0
2.1765e+14,8.5715e+14,2.1056e+15,1.4279e+15,8.8956e+14,2.0664e+14,1033.3,1,60.706,60.706,94,0
2.1719e+14,8.5536e+14,2.1012e+15,1.4249e+15,8.877e+14,2.0621e+14,1033.2,1,60.868,60.868,94,0
2.1673e+14,8.5356e+14,2.0968e+15,1.4219e+15,8.8583e+14,2.0578e+14,1033.1,1,61.031,61.031,94,0
2.1628e+14,8.5177e+14,2.0923e+15,1.4189e+15,8.8396e+14,2.0536e+14,1032.9,1,61.194,61.194,94,0
2.1582e+14,8.4998e+14,2.0879e+15,1.4159e+15,8.821e+14,2.0493e+14,1032.8,1,61.357,61.357,94,0
2.1537e+14,8.4818e+14,2.0835e+15,1.4129e+15,8.8023e+14,2.045e+14,1032.6,1,61.52,61.52,94,0
2.1491e+14,8.4639e+14,2.0791e+15,1.4099e+15,8.7836e+14,2.0407e+14,1032.5,1,61.682,61.682,94,0
2.1446e+14,8.446e+14,2.0747e+15,1.4069e+15,8.765e+14,2.0364e+14,1032.3,1,61.845,61.845,94,0
2.14e+14,8.428e+14,2.0703e+15,1.4039e+15,8.7463e+14,2.0321e+14,1032.2,1,62.008,62.008,94,0
2.1355e+14,8.4101e+14,2.0659e+15,1.4009e+15,8.7277e+14,2.0278e+14,1032,1,62.171,62.171,94,0
2.1309e+14,8.3922e+14,2.0615e+15,1.3979e+15,8.709e+14,2.0235e+14,1031.9,1,62.333,62.333,94,0
2.1263e+14,8.3742e+14,2.057e+15,1.3949e+15,8.6903e+14,2.0192e+14,1031.7,1,62.496,62.496,94,0
2.1218e+14,8.3563e+14,2.0526e+15,1.3919e+15,8.6717e+14,2.0149e+14,1031.6,1,62.659,62.659,94,0
2.1172e+14,8.3383e+14,2.0482e+15,1.3889e+15,8.653e+14,2.0106e+14,1031.4,1,62.821,62.821,94,0
2.1127e+14,8.3204e+14,2.0438e+15,1.3859e+15,8.6343e+14,2.0064e+14,1031.3,1,62.984,62.984,94,0
2.1081e+14,8.3024e+14,2.0394e+15,1.3829e+15,8.6156e+14,2.0021e+14,1031.1,1,63.147,63.147,94,0
2.1033e+14,8.2836e+14,2.0348e+15,1.3798e+15,8.5961e+14,1.9976e+14,1031,1,63.31,63.31,94,0
2.0985e+14,8.2648e+14,2.0301e+15,1.3766e+15,8.5765e+14,1.9931e+14,1030.8,1,63.472,63.472,94,0
2.0938e+14,8.246e+14,2.0255e+15,1.3735e+15,8.5569e+14,1.9886e+14,1030.7,1,63.635,63.635,94,0
2.089e+14,8.2272e+14,2.0209e+15,1.3703e+15,8.5373e+14,1.9841e+14,1030.5,1,63.798,63.798,94,0
2.0842e+14,8.2084e+14,2.0162e+15,1.3672e+15,8.5178e+14,1.9796e+14,1030.4,1,63.961,63.961,94,0
2.0794e+14,8.1896e+14,2.0116e+15,1.364e+15,8.4982e+14,1.9751e+14,1030.2,1,64.123,64.123,94,0
2.0747e+14,8.1707e+14,2.007e+15,1.3609e+15,8.4786e+14,1.9706e+14,1030.1,1,64.286,64.286,94,0
2.0699e+14,8.1519e+14,2.0024e+15,1.3578e+15,8.459e+14,1.9661e+14,1029.9,1,64.449,64.449,94,0
2.0651e+14,8.1331e+14,1.9977e+15,1.3546e+15,8.4395e+14,1.9616e+14,1029.8,1,64.612,64.612,94,0
2.0603e+14,8.1143e+14,1.9931e+15,1.3515e+15,8.4199e+14,1.9571e+14,1029.6,1,64.774,64.774,94,0
2.0556e+14,8.0955e+14,1.9885e+15,1.3483e+15,8.4003e+14,1.9526e+14,1029.5,1,64.937,64.937,94,0
2.0508e+14,8.0767e+14,1.9838e+15,1.3452e+15,8.3807e+14,1.9481e+14,1029.3,1,65.1,65.1,94,0
2.046e+14,8.0579e+14,1.9792e+15,1.342e+15,8.3611e+14,1.9436e+14,1029.2,1,65.263,65.263,94,0
2.0412e+14,8.0391e+14,1.9746e+15,1.3389e+15,8.3416e+14,1.9391e+14,1029,1,65.425,65.425,94,0
2.0364e+14,8.0203e+14,1.97e+15,1.3358e+15,8.322e+14,1.9346e+14,1028.8,1,65.588,65.588,94,0
2.0317e+14,8.0014e+14,1.9653e+15,1.3326e+15,8.3024e+14,1.9301e+14,1028.7,1,65.751,65.751,94,0
2.0269e+14,7.9826e+14,1.9607e+15,1.3295e+15,8.2828e+14,1.9256e+14,1028.5,1,65.914,65.914,94,0
2.0221e+14,7.9638e+14,1.9561e+15,1.3263e+15,8.2633e+14,1.9211e+14,1028.4,1,66.076,66.076,94,0
2.0173e+14,7.945e+14,1.9514e+15,1.3232e+15,8.2437e+14,1.9166e+14,1028.2,1,66.239,66.239,94,0
2.0126e+14,7.9262e+14,1.9468e+15,1.32e+15,8.2241e+14,1.9121e+14,1028.1,1,66.402,66.402,94,0
2.0078e+14,7.9074e+14,1.9422e+15,1.3169e+15,8.2045e+14,1.9076e+14,1027.9,1,66.565,66.565,94,0
2.003e+14,7.8886e+14,1.9376e+15,1.3138e+15,8.185e+14,1.9031e+14,1027.8,1,66.728,66.728,94,0
1.9982e+14,7.8698e+14,1.9329e+15,1.3106e+15,8.1654e+14,1.8986e+14,1027.6,1,66.89,66.89,94,0
1.9934e+14,7.851e+14,1.9283e+15,1.3075e+15,8.1458e+14,1.8941e+14,1027.5,1,67.053,67.053,94,0
1.9887e+14,7.8321e+14,1.9237e+15,1.3043e+15,8.1262e+14,1.8896e+14,1027.3,1,67.216,67.216,94,0
1.9839e+14,7.8133e+14,1.919e+15,1.3012e+15,8.1067e+14,1.8851e+14,1027.2,1,67.379,67.379,94,0
1.9791e+14,7.7945e+14,1.9144e+15,1.298e+15,8.0871e+14,1.8806e+14,1027,1,67.541,67.541,94,0
1.9743e+14,7.7755e+14,1.9097e+15,1.2948e+15,8.0672e+14,1.8761e+14,1026.8,1,67.704,67.704,94,0
1.9693e+14,7.7559e+14,1.9049e+15,1.2916e+15,8.0468e+14,1.8714e+14,1026.7,1,67.867,67.867,94,0
1.9643e+14,7.7363e+14,1.9001e+15,1.2883e+15,8.0264e+14,1.8667e+14,1026.5,1,68.03,68.03,94,0
1.9593e+14,7.7167e+14,1.8953e+15,1.285e+15,8.0061e+14,1.862e+14,1026.4,1,68.192,68.192,94,0
1.9544e+14,7.6971e+14,1.8904e+15,1.2817e+15,7.9857e+14,1.8573e+14,1026.2,1,68.355,68.355,94,0
1.9494e+14,7.6775e+14,1.8856e+15,1.2785e+15,7.9653e+14,1.8527e+14,1026.1,1,68.518,68.518,94,0
1.9444e+14,7.6579e+14,1.8808e+15,1.2752e+15,7.9449e+14,1.848e+14,1025.9,1,68.68,68.68,94,0
1.9395e+14,7.6383e+14,1.876e+15,1.2719e+15,7.9245e+14,1.8433e+14,1025.7,1,68.843,68.843,94,0
1.9345e+14,7.6187e+14,1.8711e+15,1.2686e+15,7.9041e+14,1.8386e+14,1025.6,1,69.006,69.006,94,0
1.9295e+14,7.5991e+14,1.8663e+15,1.2653e+15,7.8837e+14,1.834e+14,1025.4,1,69.169,69.169,94,0
1.9245e+14,7.5796e+14,1.8615e+15,1.2621e+15,7.8633e+14,1.8293e+14,1025.3,1,69.331,69.331,94,0
1.9196e+14,7.56e+14,1.8567e+15,1.2588e+15,7.8429e+14,1.8246e+14,1025.1,1,69.494,69.494,94,0
1.9146e+14,7.5404e+14,1.8518e+15,1.2555e+15,7.8225e+14,1.8199e+14,1024.9,1,69.657,69.657,94,0
1.9096e+14,7.5208e+14,1.847e+15,1.2522e+15,7.8022e+14,1.8153e+14,1024.8,1,69.82,69.82,94,0
1.9046e+14,7.5012e+14,1.8422e+15,1.249e+15,7.7818e+14,1.8106e+14,1024.6,1,69.982,69.982,94,0
1.8997e+14,7.4816e+14,1.8374e+15,1.2457e+15,7.7614e+14,1.8059e+14,1024.5,1,70.145,70.145,94,0
1.8947e+14,7.462e+14,1.8326e+15,1.2424e+15,7.741e+14,1.8012e+14,1024.3,1,70.308,70.308,94,0
1.8897e+14,7.4424e+14,1.8277e+15,1.2391e+15,7.7206e+14,1.7965e+14,1024.1,1,70.471,70.471,94,0
1.8847e+14,7.4228e+14,1.8229e+15,1.2359e+15,7.7002e+14,1.7919e+14,1024,1,70.633,70.633,94,0
1.8798e+14,7.4032e+14,1.8181e+15,1.2326e+15,7.6798e+14,1.7872e+14,1023.8,1,70.796,70.796,94,0
1.8748e+14,7.3837e+14,1.8133e+15,1.2293e+15,7.6594e+14,1.7825e+14,1023.7,1,70.959,70.959,94,0
1.8698e+14,7.3641e+14,1.8084e+15,1.226e+15,7.639e+14,1.7778e+14,1023.5,1,71.122,71.122,94,0
1.8649e+14,7.3445e+14,1.8036e+15,1.2227e+15,7.6186e+14,1.7732e+14,1023.3,1,71.285,71.285,94,0
1.8599e+14,7.3249e+14,1.7988e+15,1.2195e+15,7.5983e+14,1.7685e+14,1023.2,1,71.447,71.447,94,0
1.8549e+14,7.3053e+14,1.794e+15,1.2162e+15,7.5779e+14,1.7638e+14,1023,1,71.61,71.61,94,0
1.8499e+14,7.2857e+14,1.7891e+15,1.2129e+15,7.5575e+14,1.7591e+14,1022.9,1,71.773,71.773,94,0
1.845e+14,7.2661e+14,1.7843e+15,1.2096e+15,7.5371e+14,1.7545e+14,1022.7,1,71.936,71.936,94,0
1.84e+14,7.2465e+14,1.7795e+15,1.2064e+15,7.5167e+14,1.7498e+14,1022.5,1,72.098,72.098,94,0
1.8349e+14,7.2265e+14,1.7746e+15,1.203e+15,7.4959e+14,1.745e+14,1022.4,1,72.261,72.261,94,0
1.8298e+14,7.2062e+14,1.7696e+15,1.1996e+15,7.4748e+14,1.7402e+14,1022.2,1,72.424,72.424,94,0
1.8246e+14,7.186e+14,1.7646e+15,1.1962e+15,7.4537e+14,1.7354e+14,1022.1,1,72.587,72.587,94,0
1.8195e+14,7.1657e+14,1.7596e+15,1.1928e+15,7.4326e+14,1.7306e+14,1021.9,1,72.749,72.749,94,0
1.8143e+14,7.1454e+14,1.7546e+15,1.1894e+15,7.4115e+14,1.7257e+14,1021.7,1,72.912,72.912,94,0
1.8092e+14,7.1252e+14,1.7496e+15,1.186e+15,7.3904e+14,1.7209e+14,1021.6,1,73.075,73.075,94,0
1.804e+14,7.1049e+14,1.7446e+15,1.1826e+15,7.3693e+14,1.7161e+14,1021.4,1,73.238,73.238,94,0
1.7989e+14,7.0846e+14,1.7396e+15,1.1792e+15,7.3482e+14,1.7113e+14,1021.2,1,73.4,73.4,94,0
1.7938e+14,7.0644e+14,1.7346e+15,1.1758e+15,7.3271e+14,1.7065e+14,1021.1,1,73.563,73.563,94,0
1.7886e+14,7.0441e+14,1.7296e+15,1.1724e+15,7.3061e+14,1.7016e+14,1020.9,1,73.726,73.726,94,0
1.7835e+14,7.0238e+14,1.7246e+15,1.169e+15,7.285e+14,1.6968e+14,1020.7,1,73.888,73.888,94,0
1.7783e+14,7.0036e+14,1.7196e+15,1.1656e+15,7.2639e+14,1.692e+14,1020.6,1,74.051,74.051,94,0
1.7732e+14,6.9833e+14,1.7146e+15,1.1622e+15,7.2428e+14,1.6872e+14,1020.4,1,74.214,74.214,94,0
1.768e+14,6.963e+14,1.7096e+15,1.1589e+15,7.2217e+14,1.6823e+14,1020.2,1,74.377,74.377,94,0
1.7629e+14,6.9428e+14,1.7046e+15,1.1555e+15,7.2006e+14,1.6775e+14,1020.1,1,74.539,74.539,94,0
1.7578e+14,6.9225e+14,1.6996e+15,1.1521e+15,7.1795e+14,1.6727e+14,1019.9,1,74.702,74.702,94,0
1.7526e+14,6.9022e+14,1.6946e+15,1.1487e+15,7.1584e+14,1.6679e+14,1019.7,1,74.865,74.865,94,0
1.7475e+14,6.882e+14,1.6896e+15,1.1453e+15,7.1373e+14,1.6631e+14,1019.6,1,75.028,75.028,94,0
1.7423e+14,6.8617e+14,1.6846e+15,1.1419e+15,7.1162e+14,1.6582e+14,1019.4,1,75.19,75.19,94,0
1.7372e+14,6.8414e+14,1.6797e+15,1.1385e+15,7.0951e+14,1.6534e+14,1019.3,1,75.353,75.353,94,0
1.732e+14,6.8212e+14,1.6747e+15,1.1351e+15,7.0741e+14,1.6486e+14,1019.1,1,75.516,75.516,94,0
1.7269e+14,6.8009e+14,1.6697e+15,1.1317e+15,7.053e+14,1.6438e+14,1018.9,1,75.679,75.679,94,0
1.7218e+14,6.7806e+14,1.6647e+15,1.1283e+15,7.0319e+14,1.639e+14,1018.8,1,75.841,75.841,94,0
1.7166e+14,6.7604e+14,1.6597e+15,1.1249e+15,7.0108e+14,1.6341e+14,1018.6,1,76.004,76.004,94,0
1.7115e+14,6.7401e+14,1.6547e+15,1.1215e+15,6.9897e+14,1.6293e+14,1018.4,1,76.167,76.167,94,0
1.7063e+14,6.7198e+14,1.6497e+15,1.1181e+15,6.9686e+14,1.6245e+14,1018.3,1,76.33,76.33,94,0
1.7012e+14,6.6996e+14,1.6447e+15,1.1147e+15,6.9475e+14,1.6197e+14,1018.1,1,76.493,76.493,94,0
1.696e+14,6.6793e+14,1.6397e+15,1.1113e+15,6.9264e+14,1.6149e+14,1017.9,1,76.655,76.655,94,0
1.6908e+14,6.6585e+14,1.6346e+15,1.1078e+15,6.9048e+14,1.61e+14,1017.8,1,76.818,76.818,94,0
1.6855e+14,6.6377e+14,1.6294e+15,1.1043e+15,6.8832e+14,1.605e+14,1017.6,1,76.981,76.981,94,0
1.6802e+14,6.6168e+14,1.6243e+15,1.1008e+15,6.8615e+14,1.6001e+14,1017.4,1,77.144,77.144,94,0
1.6749e+14,6.596e+14,1.6191e+15,1.0973e+15,6.8398e+14,1.5952e+14,1017.3,1,77.306,77.306,94,0
1.6696e+14,6.5751e+14,1.614e+15,1.0938e+15,6.8182e+14,1.5903e+14,1017.1,1,77.469,77.469,94,0
1.6644e+14,6.5543e+14,1.6088e+15,1.0903e+15,6.7965e+14,1.5854e+14,1016.9,1,77.632,77.632,94,0
1.6591e+14,6.5334e+14,1.6037e+15,1.0868e+15,6.7749e+14,1.5805e+14,1016.8,1,77.795,77.795,94,0
1.6538e+14,6.5126e+14,1.5985e+15,1.0833e+15,6.7532e+14,1.5756e+14,1016.6,1,77.957,77.957,94,0
1.6485e+14,6.4918e+14,1.5934e+15,1.0798e+15,6.7315e+14,1.5706e+14,1016.4,1,78.12,78.12,94,0
1.6432e+14,6.4709e+14,1.5882e+15,1.0763e+15,6.7099e+14,1.5657e+14,1016.3,1,78.283,78.283,94,0
1.6379e+14,6.4501e+14,1.5831e+15,1.0728e+15,6.6882e+14,1.5608e+14,1016.1,1,78.446,78.446,94,0
1.6327e+14,6.4292e+14,1.5779e+15,1.0693e+15,6.6666e+14,1.5559e+14,1015.9,1,78.608,78.608,94,0
1.6274e+14,6.4084e+14,1.5728e+15,1.0658e+15,6.6449e+14,1.551e+14,1015.8,1,78.771,78.771,94,0
1.6221e+14,6.3875e+14,1.5676e+15,1.0623e+15,6.6232e+14,1.5461e+14,1015.6,1,78.934,78.934,94,0
1.6168e+14,6.3667e+14,1.5625e+15,1.0588e+15,6.6016e+14,1.5412e+14,1015.4,1,79.096,79.096,94,0
1.6115e+14,6.3459e+14,1.5573e+15,1.0553e+15,6.5799e+14,1.5362e+14,1015.2,1,79.259,79.259,94,0
1.6062e+14,6.325e+14,1.5522e+15,1.0518e+15,6.5583e+14,1.5313e+14,1015.1,1,79.422,79.422,94,0
1.601e+14,6.3042e+14,1.547e+15,1.0483e+15,6.5366e+14,1.5264e+14,1014.9,1,79.585,79.585,94,0
1.5957e+14,6.2833e+14,1.5419e+15,1.0448e+15,6.5149e+14,1.5215e+14,1014.7,1,79.747,79.747,94,0
1.5904e+14,6.2625e+14,1.5367e+15,1.0413e+15,6.4933e+14,1.5166e+14,1014.6,1,79.91,79.91,94,0
1.5851e+14,6.2416e+14,1.5316e+15,1.0378e+15,6.4716e+14,1.5117e+14,1014.4,1,80.073,80.073,94,0
1.5798e+14,6.2208e+14,1.5264e+15,1.0343e+15,6.45e+14,1.5068e+14,1014.2,1,80.236,80.236,94,0
1.5745e+14,6.2e+14,1.5213e+15,1.0308e+15,6.4283e+14,1.5018e+14,1014.1,1,80.398,80.398,94,0
1.5693e+14,6.1791e+14,1.5161e+15,1.0273e+15,6.4066e+14,1.4969e+14,1013.9,1,80.561,80.561,94,0
1.564e+14,6.1583e+14,1.511e+15,1.0238e+15,6.385e+14,1.492e+14,1013.7,1,80.724,80.724,94,0
1.5587e+14,6.1374e+14,1.5059e+15,1.0203e+15,6.3633e+14,1.4871e+14,1013.6,1,80.887,80.887,94,0
1.5534e+14,6.1166e+14,1.5007e+15,1.0168e+15,6.3417e+14,1.4822e+14,1013.4,1,81.049,81.049,94,0
1.5481e+14,6.0957e+14,1.4955e+15,1.0133e+15,6.3199e+14,1.4773e+14,1013.2,1,81.212,81.212,94,0
1.5427e+14,6.0743e+14,1.4902e+15,1.0097e+15,6.2979e+14,1.4723e+14,1013.1,1,81.375,81.375,94,0
1.5373e+14,6.053e+14,1.485e+15,1.0061e+15,6.2758e+14,1.4674e+14,1012.9,1,81.538,81.538,94,0
1.5319e+14,6.0317e+14,1.4797e+15,1.0025e+15,6.2537e+14,1.4625e+14,1012.7,1,81.701,81.701,94,0
1.5265e+14,6.0104e+14,1.4744e+15,9.9892e+14,6.2317e+14,1.4575e+14,1012.5,1,81.863,81.863,94,0
1.5211e+14,5.989e+14,1.4691e+15,9.9533e+14,6.2096e+14,1.4526e+14,1012.4,1,82.026,82.026,94,0
1.5157e+14,5.9677e+14,1.4638e+15,9.9174e+14,6.1875e+14,1.4476e+14,1012.2,1,82.189,82.189,94,0
1.5103e+14,5.9464e+14,1.4585e+15,9.8815e+14,6.1655e+14,1.4427e+14,1012,1,82.352,82.352,94,0
1.505e+14,5.9251e+14,1.4533e+15,9.8456e+14,6.1434e+14,1.4378e+14,1011.9,1,82.514,82.514,94,0
1.4996e+14,5.9038e+14,1.448e+15,9.8097e+14,6.1213e+14,1.4328e+14,1011.7,1,82.677,82.677,94,0
1.4942e+14,5.8824e+14,1.4427e+15,9.7738e+14,6.0993e+14,1.4279e+14,1011.5,1,82.84,82.84,94,0
1.4888e+14,5.8611e+14,1.4374e+15,9.7379e+14,6.0772e+14,1.4229e+14,1011.3,1,83.003,83.003,94,0
1.4834e+14,5.8398e+14,1.4321e+15,9.7021e+14,6.0552e+14,1.418e+14,1011.2,1,83.165,83.165,94,0
1.478e+14,5.8185e+14,1.4268e+15,9.6662e+14,6.0331e+14,1.4131e+14,1011,1,83.328,83.328,94,0
1.4726e+14,5.7971e+14,1.4216e+15,9.6303e+14,6.011e+14,1.4081e+14,1010.8,1,83.491,83.491,94,0
1.4672e+14,5.7758e+14,1.4163e+15,9.5944e+14,5.989e+14,1.4032e+14,1010.7,1,83.654,83.654,94,0
1.4618e+14,5.7545e+14,1.411e+15,9.5585e+14,5.9669e+14,1.3983e+14,1010.5,1,83.816,83.816,94,0
1.4564e+14,5.7332e+14,1.4057e+15,9.5226e+14,5.9448e+14,1.3933e+14,1010.3,1,83.979,83.979,94,0
1.451e+14,5.7118e+14,1.4004e+15,9.4867e+14,5.9228e+14,1.3884e+14,1010.1,1,84.142,84.142,94,0
1.4456e+14,5.6905e+14,1.3951e+15,9.4508e+14,5.9007e+14,1.3834e+14,1010,1,84.304,84.304,94,0
1.4402e+14,5.6692e+14,1.3899e+15,9.4149e+14,5.8786e+14,1.3785e+14,1009.8,1,84.467,84.467,94,0
1.4348e+14,5.6479e+14,1.3846e+15,9.379e+14,5.8566e+14,1.3736e+14,1009.6,1,84.63,84.63,94,0
1.4294e+14,5.6266e+14,1.3793e+15,9.3431e+14,5.8345e+14,1.3686e+14,1009.5,1,84.793,84.793,94,0
1.424e+14,5.6052e+14,1.374e+15,9.3072e+14,5.8125e+14,1.3637e+14,1009.3,1,84.955,84.955,94,0
1.4187e+14,5.5839e+14,1.3687e+15,9.2713e+14,5.7904e+14,1.3587e+14,1009.1,1,85.118,85.118,94,0
1.4133e+14,5.5626e+14,1.3634e+15,9.2355e+14,5.7683e+14,1.3538e+14,1008.9,1,85.281,85.281,94,0
1.4079e+14,5.5413e+14,1.3582e+15,9.1996e+14,5.7463e+14,1.3489e+14,1008.8,1,85.444,85.444,94,0
1.4025e+14,5.5199e+14,1.3529e+15,9.1637e+14,5.7242e+14,1.3439e+14,1008.6,1,85.606,85.606,94,0
1.397e+14,5.4984e+14,1.3475e+15,9.1274e+14,5.702e+14,1.339e+14,1008.4,1,85.769,85.769,94,0
1.3916e+14,5.4767e+14,1.3421e+15,9.0908e+14,5.6798e+14,1.3342e+14,1008.2,1,85.932,85.932,94,0
1.3861e+14,5.455e+14,1.3367e+15,9.0542e+14,5.6575e+14,1.3293e+14,1008.1,1,86.095,86.095,94,0
1.3806e+14,5.4332e+14,1.3313e+15,9.0176e+14,5.6353e+14,1.3245e+14,1007.9,1,86.257,86.257,94,0
1.3751e+14,5.4115e+14,1.3259e+15,8.981e+14,5.613e+14,1.3196e+14,1007.7,1,86.42,86.42,94,0
1.3697e+14,5.3898e+14,1.3205e+15,8.9444e+14,5.5908e+14,1.3148e+14,1007.6,1,86.583,86.583,94,0
1.3642e+14,5.368e+14,1.3151e+15,8.9078e+14,5.5685e+14,1.3099e+14,1007.4,1,86.746,86.746,94,0
1.3587e+14,5.3463e+14,1.3097e+15,8.8712e+14,5.5463e+14,1.3051e+14,1007.2,1,86.909,86.909,94,0
1.3532e+14,5.3246e+14,1.3043e+15,8.8346e+14,5.524e+14,1.3002e+14,1007,1,87.071,87.071,94,0
1.3477e+14,5.3028e+14,1.2989e+15,8.798e+14,5.5018e+14,1.2953e+14,1006.9,1,87.234,87.234,94,0
1.3423e+14,5.2811e+14,1.2934e+15,8.7614e+14,5.4795e+14,1.2905e+14,1006.7,1,87.397,87.397,94,0
1.3368e+14,5.2594e+14,1.288e+15,8.7248e+14,5.4573e+14,1.2856e+14,1006.5,1,87.56,87.56,94,0
1.3313e+14,5.2376e+14,1.2826e+15,8.6882e+14,5.435e+14,1.2808e+14,1006.3,1,87.722,87.722,94,0
1.3258e+14,5.2159e+14,1.2772e+15,8.6516e+14,5.4128e+14,1.2759e+14,1006.2,1,87.885,87.885,94,0
1.3204e+14,5.1942e+14,1.2718e+15,8.615e+14,5.3905e+14,1.2711e+14,1006,1,88.048,88.048,94,0
1.3149e+14,5.1724e+14,1.2664e+15,8.5784e+14,5.3683e+14,1.2662e+14,1005.8,1,88.211,88.211,94,0
1.3094e+14,5.1507e+14,1.261e+15,8.5418e+14,5.346e+14,1.2614e+14,1005.7,1,88.373,88.373,94,0
1.3039e+14,5.129e+14,1.2556e+15,8.5052e+14,5.3238e+14,1.2565e+14,1005.5,1,88.536,88.536,94,0
1.2985e+14,5.1072e+14,1.2502e+15,8.4686e+14,5.3015e+14,1.2517e+14,1005.3,1,88.699,88.699,94,0
1.293e+14,5.0855e+14,1.2448e+15,8.432e+14,5.2793e+14,1.2468e+14,1005.1,1,88.862,88.862,94,0
1.2875e+14,5.0638e+14,1.2394e+15,8.3954e+14,5.257e+14,1.242e+14,1005,1,89.024,89.024,94,0
1.282e+14,5.042e+14,1.234e+15,8.3588e+14,5.2348e+14,1.2371e+14,1004.8,1,89.187,89.187,94,0
1.2765e+14,5.0203e+14,1.2285e+15,8.3222e+14,5.2125e+14,1.2322e+14,1004.6,1,89.35,89.35,94,0
1.2711e+14,4.9986e+14,1.2231e+15,8.2856e+14,5.1903e+14,1.2274e+14,1004.4,1,89.512,89.512,94,0
1.2656e+14,4.9768e+14,1.2177e+15,8.249e+14,5.168e+14,1.2225e+14,1004.3,1,89.675,89.675,94,0
1.2601e+14,4.9551e+14,1.2123e+15,8.2124e+14,5.1458e+14,1.2177e+14,1004.1,1,89.838,89.838,94,0
1.2546e+14,4.9334e+14,1.2069e+15,8.1758e+14,5.1235e+14,1.2128e+14,1003.9,1,90.001,90.001,94,0
1.2492e+14,4.9116e+14,1.2015e+15,8.1392e+14,5.1013e+14,1.208e+14,1003.8,1,90.163,90.163,94,0
1.2436e+14,4.8896e+14,1.196e+15,8.1022e+14,5.0791e+14,1.2033e+14,1003.6,1,90.326,90.326,94,0
1.2381e+14,4.8674e+14,1.1905e+15,8.0652e+14,5.057e+14,1.1987e+14,1003.4,1,90.489,90.489,94,0
1.2325e+14,4.8453e+14,1.1849e+15,8.0281e+14,5.0348e+14,1.1941e+14,1003.2,1,90.652,90.652,94,0
1.227e+14,4.8231e+14,1.1794e+15,7.991e+14,5.0127e+14,1.1895e+14,1003.1,1,90.814,90.814,94,0
1.2214e+14,4.801e+14,1.1739e+15,7.9539e+14,4.9906e+14,1.1849e+14,1002.9,1,90.977,90.977,94,0
1.2159e+14,4.7788e+14,1.1683e+15,7.9169e+14,4.9684e+14,1.1804e+14,1002.7,1,91.14,91.14,94,0
1.2103e+14,4.7567e+14,1.1628e+15,7.8798e+14,4.9463e+14,1.1758e+14,1002.5,1,91.303,91.303,94,0
1.2048e+14,4.7345e+14,1.1573e+15,7.8427e+14,4.9242e+14,1.1712e+14,1002.4,1,91.465,91.465,94,0
1.1992e+14,4.7124e+14,1.1518e+15,7.8056e+14,4.9021e+14,1.1666e+14,1002.2,1,91.628,91.628,94,0
1.1937e+14,4.6902e+14,1.1462e+15,7.7686e+14,4.8799e+14,1.162e+14,1002,1,91.791,91.791,94,0
1.1882e+14,4.6681e+14,1.1407e+15,7.7315e+14,4.8578e+14,1.1574e+14,1001.9,1,91.954,91.954,94,0
1.1826e+14,4.646e+14,1.1352e+15,7.6944e+14,4.8357e+14,1.1528e+14,1001.7,1,92.117,92.117,94,0
1.1771e+14,4.6238e+14,1.1296e+15,7.6574e+14,4.8135e+14,1.1482e+14,1001.5,1,92.279,92.279,94,0
1.1715e+14,4.6017e+14,1.1241e+15,7.6203e+14,4.7914e+14,1.1436e+14,1001.3,1,92.442,92.442,94,0
1.166e+14,4.5795e+14,1.1186e+15,7.5832e+14,4.7693e+14,1.139e+14,1001.2,1,92.605,92.605,94,0
1.1604e+14,4.5574e+14,1.113e+15,7.5461e+14,4.7471e+14,1.1344e+14,1001,1,92.768,92.768,94,0
1.1549e+14,4.5352e+14,1.1075e+15,7.5091e+14,4.725e+14,1.1298e+14,1000.8,1,92.93,92.93,94,0
1.1493e+14,4.5131e+14,1.102e+15,7.472e+14,4.7029e+14,1.1252e+14,1000.7,1,93.093,93.093,94,0
1.1438e+14,4.4909e+14,1.0964e+15,7.4349e+14,4.6807e+14,1.1206e+14,1000.5,1,93.256,93.256,94,0
1.1382e+14,4.4688e+14,1.0909e+15,7.3978e+14,4.6586e+14,1.116e+14,1000.3,1,93.419,93.419,94,0
1.1327e+14,4.4466e+14,1.0854e+15,7.3608e+14,4.6365e+14,1.1114e+14,1000.1,1,93.581,93.581,94,0
1.1271e+14,4.4245e+14,1.0799e+15,7.3237e+14,4.6143e+14,1.1068e+14,999.96,1,93.744,93.744,94,0
1.1216e+14,4.4023e+14,1.0743e+15,7.2866e+14,4.5922e+14,1.1022e+14,999.79,1,93.907,93.907,94,0
1.116e+14,4.3802e+14,1.0688e+15,7.2495e+14,4.5701e+14,1.0977e+14,999.62,1,94.07,94.07,94,0
1.1105e+14,4.3581e+14,1.0633e+15,7.2125e+14,4.548e+14,1.0931e+14,999.44,1,94.232,94.232,94,0
1.1049e+14,4.3359e+14,1.0577e+15,7.1754e+14,4.5258e+14,1.0885e+14,999.27,1,94.395,94.395,94,0
1.0994e+14,4.3138e+14,1.0522e+15,7.1383e+14,4.5037e+14,1.0839e+14,999.1,1,94.558,94.558,94,0
1.0938e+14,4.2916e+14,1.0467e+15,7.1012e+14,4.4816e+14,1.0793e+14,998.93,1,94.72,94.72,94,0
1.0882e+14,4.2689e+14,1.041e+15,7.064e+14,4.46e+14,1.0753e+14,998.76,1,94.883,94.883,94,0
1.0825e+14,4.2461e+14,1.0353e+15,7.0269e+14,4.4385e+14,1.0712e+14,998.59,1,95.046,95.046,94,0
1.0769e+14,4.2234e+14,1.0297e+15,6.9897e+14,4.4169e+14,1.0672e+14,998.42,1,95.209,95.209,94,0
1.0712e+14,4.2007e+14,1.024e+15,6.9525e+14,4.3953e+14,1.0631e+14,998.25,1,95.371,95.371,94,0
1.0656e+14,4.178e+14,1.0183e+15,6.9153e+14,4.3738e+14,1.0591e+14,998.08,1,95.534,95.534,94,0
1.0599e+14,4.1553e+14,1.0127e+15,6.8781e+14,4.3522e+14,1.0551e+14,997.91,1,95.697,95.697,94,0
1.0543e+14,4.1325e+14,1.007e+15,6.8409e+14,4.3306e+14,1.051e+14,997.74,1,95.86,95.86,94,0
1.0486e+14,4.1098e+14,1.0014e+15,6.8038e+14,4.3091e+14,1.047e+14,997.57,1,96.022,96.022,94,0
1.043e+14,4.0871e+14,9.957e+14,6.7666e+14,4.2875e+14,1.0429e+14,997.4,1,96.185,96.185,94,0
1.0373e+14,4.0644e+14,9.9004e+14,6.7294e+14,4.266e+14,1.0389e+14,997.23,1,96.348,96.348,94,0
1.0317e+14,4.0417e+14,9.8437e+14,6.6922e+14,4.2444e+14,1.0348e+14,997.06,1,96.511,96.511,94,0
1.026e+14,4.0189e+14,9.7871e+14,6.655e+14,4.2228e+14,1.0308e+14,996.89,1,96.674,96.674,94,0
1.0204e+14,3.9962e+14,9.7305e+14,6.6179e+14,4.2013e+14,1.0268e+14,996.72,1,96.836,96.836,94,0
1.0147e+14,3.9735e+14,9.6739e+14,6.5807e+14,4.1797e+14,1.0227e+14,996.55,1,96.999,96.999,94,0
1.0091e+14,3.9508e+14,9.6172e+14,6.5435e+14,4.1581e+14,1.0187e+14,996.38,1,97.162,97.162,94,0
1.0034e+14,3.9281e+14,9.5606e+14,6.5063e+14,4.1366e+14,1.0146e+14,996.22,1,97.325,97.325,94,0
9.9779e+13,3.9053e+14,9.504e+14,6.4691e+14,4.115e+14,1.0106e+14,996.05,1,97.487,97.487,94,0
9.9214e+13,3.8826e+14,9.4474e+14,6.4319e+14,4.0934e+14,1.0065e+14,995.88,1,97.65,97.65,94,0
9.8649e+13,3.8599e+14,9.3908e+14,6.3948e+14,4.0719e+14,1.0025e+14,995.71,1,97.813,97.813,94,0
9.8084e+13,3.8372e+14,9.3341e+14,6.3576e+14,4.0503e+14,9.9846e+13,995.54,1,97.976,97.976,94,0
9.7519e+13,3.8145e+14,9.2775e+14,6.3204e+14,4.0288e+14,9.9442e+13,995.37,1,98.138,98.138,94,0
9.6954e+13,3.7917e+14,9.2209e+14,6.2832e+14,4.0072e+14,9.9037e+13,995.2,1,98.301,98.301,94,0
9.6389e+13,3.769e+14,9.1643e+14,6.246e+14,3.9856e+14,9.8633e+13,995.03,1,98.464,98.464,94,0
9.5824e+13,3.7463e+14,9.1077e+14,6.2089e+14,3.9641e+14,9.8229e+13,994.86,1,98.627,98.627,94,0
9.5259e+13,3.7236e+14,9.051e+14,6.1717e+14,3.9425e+14,9.7825e+13,994.69,1,98.789,98.789,94,0
9.4694e+13,3.7009e+14,8.9944e+14,6.1345e+14,3.9209e+14,9.742e+13,994.52,1,98.952,98.952,94,0
9.4129e+13,3.6781e+14,8.9378e+14,6.0973e+14,3.8994e+14,9.7016e+13,994.35,1,99.115,99.115,94,0
9.3555e+13,3.655e+14,8.8807e+14,6.0603e+14,3.8782e+14,9.6649e+13,994.18,1,99.277,99.277,94,0
9.2964e+13,3.6313e+14,8.8227e+14,6.0237e+14,3.8579e+14,9.6351e+13,994.02,1,99.44,99.44,94,0
9.2373e+13,3.6075e+14,8.7646e+14,5.987e+14,3.8376e+14,9.6052e+13,993.86,1,99.603,99.603,94,0
9.1782e+13,3.5837e+14,8.7066e+14,5.9504e+14,3.8172e+14,9.5753e+13,993.7,1,99.766,99.766,94,0
9.1191e+13,3.5599e+14,8.6486e+14,5.9137e+14,3.7969e+14,9.5455e+13,993.54,1,99.928,99.928,94,0
9.06e+13,3.5361e+14,8.5905e+14,5.8771e+14,3.7765e+14,9.5156e+13,993.38,1,100.09,100.09,94,0
9.001e+13,3.5123e+14,8.5325e+14,5.8404e+14,3.7562e+14,9.4857e+13,993.22,1,100.25,100.25,94,0
8.9419e+13,3.4885e+14,8.4745e+14,5.8038e+14,3.7359e+14,9.4559e+13,993.06,1,100.42,100.42,94,0
8.8828e+13,3.4648e+14,8.4165e+14,5.7671e+14,3.7155e+14,9.426e+13,992.9,1,100.58,100.58,94,0
8.8237e+13,3.441e+14,8.3584e+14,5.7305e+14,3.6952e+14,9.3961e+13,992.74,1,100.74,100.74,94,0
8.7646e+13,3.4172e+14,8.3004e+14,5.6938e+14,3.6748e+14,9.3663e+13,992.57,1,100.9,100.9,94,0
8.7055e+13,3.3934e+14,8.2424e+14,5.6572e+14,3.6545e+14,9.3364e+13,992.41,1,101.07,101.07,94,0
8.6465e+13,3.3696e+14,8.1844e+14,5.6205e+14,3.6342e+14,9.3065e+13,992.25,1,101.23,101.23,94,0
8.5874e+13,3.3458e+14,8.1263e+14,5.5839e+14,3.6138e+14,9.2767e+13,992.09,1,101.39,101.39,94,0
8.5283e+13,3.322e+14,8.0683e+14,5.5472e+14,3.5935e+14,9.2468e+13,991.93,1,101.56,101.56,94,0
8.4692e+13,3.2983e+14,8.0103e+14,5.5106e+14,3.5731e+14,9.217e+13,991.77,1,101.72,101.72,94,0
8.4101e+13,3.2745e+14,7.9522e+14,5.4739e+14,3.5528e+14,9.1871e+13,991.61,1,101.88,101.88,94,0
8.351e+13,3.2507e+14,7.8942e+14,5.4373e+14,3.5325e+14,9.1572e+13,991.45,1,102.04,102.04,94,0
8.292e+13,3.2269e+14,7.8362e+14,5.4006e+14,3.5121e+14,9.1274e+13,991.29,1,102.21,102.21,94,0
8.2329e+13,3.2031e+14,7.7782e+14,5.364e+14,3.4918e+14,9.0975e+13,991.13,1,102.37,102.37,94,0
8.1738e+13,3.1793e+14,7.7201e+14,5.3273e+14,3.4714e+14,9.0676e+13,990.97,1,102.53,102.53,94,0
8.1147e+13,3.1555e+14,7.6621e+14,5.2907e+14,3.4511e+14,9.0378e+13,990.8,1,102.7,102.7,94,0
8.0556e+13,3.1318e+14,7.6041e+14,5.254e+14,3.4308e+14,9.0079e+13,990.64,1,102.86,102.86,94,0
7.9965e+13,3.108e+14,7.546e+14,5.2174e+14,3.4104e+14,8.978e+13,990.48,1,103.02,103.02,94,0
7.9375e+13,3.0842e+14,7.488e+14,5.1808e+14,3.3901e+14,8.9482e+13,990.32,1,103.18,103.18,94,0
7.8784e+13,3.0604e+14,7.43e+14,5.1441e+14,3.3697e+14,8.9183e+13,990.16,1,103.35,103.35,94,0
7.8193e+13,3.0366e+14,7.372e+14,5.1075e+14,3.3494e+14,8.8884e+13,990,1,103.51,103.51,94,0
7.7602e+13,3.0128e+14,7.3139e+14,5.0708e+14,3.3291e+14,8.8586e+13,989.84,1,103.67,103.67,94,0
7.6965e+13,2.9876e+14,7.2552e+14,5.0352e+14,3.3101e+14,8.8412e+13,989.68,1,103.83,103.83,94,0
7.6301e+13,2.9617e+14,7.1959e+14,5.0003e+14,3.2919e+14,8.8308e+13,989.53,1,104,104,94,0
7.5638e+13,2.9357e+14,7.1367e+14,4.9653e+14,3.2738e+14,8.8205e+13,989.38,1,104.16,104.16,94,0
7.4974e+13,2.9097e+14,7.0775e+14,4.9303e+14,3.2556e+14,8.8101e+13,989.23,1,104.32,104.32,94,0
7.4311e+13,2.8837e+14,7.0183e+14,4.8953e+14,3.2374e+14,8.7997e+13,989.08,1,104.49,104.49,94,0
7.3647e+13,2.8578e+14,6.9591e+14,4.8603e+14,3.2192e+14,8.7893e+13,988.93,1,104.65,104.65,94,0
7.2984e+13,2.8318e+14,6.8999e+14,4.8254e+14,3.2011e+14,8.7789e+13,988.78,1,104.81,104.81,94,0
7.232e+13,2.8058e+14,6.8407e+14,4.7904e+14,3.1829e+14,8.7686e+13,988.63,1,104.97,104.97,94,0
7.1657e+13,2.7798e+14,6.7815e+14,4.7554e+14,3.1647e+14,8.7582e+13,988.48,1,105.14,105.14,94,0
7.0993e+13,2.7539e+14,6.7223e+14,4.7204e+14,3.1465e+14,8.7478e+13,988.33,1,105.3,105.3,94,0
7.033e+13,2.7279e+14,6.6631e+14,4.6855e+14,3.1284e+14,8.7374e+13,988.18,1,105.46,105.46,94,0
6.9666e+13,2.7019e+14,6.6039e+14,4.6505e+14,3.1102e+14,8.727e+13,988.03,1,105.62,105.62,94,0
6.9003e+13,2.6759e+14,6.5447e+14,4.6155e+14,3.092e+14,8.7167e+13,987.87,1,105.79,105.79,94,0
6.834e+13,2.6499e+14,6.4855e+14,4.5805e+14,3.0739e+14,8.7063e+13,987.72,1,105.95,105.95,94,0
6.7676e+13,2.624e+14,6.4263e+14,4.5455e+14,3.0557e+14,8.6959e+13,987.57,1,106.11,106.11,94,0
6.7013e+13,2.598e+14,6.3671e+14,4.5106e+14,3.0375e+14,8.6855e+13,987.42,1,106.28,106.28,94,0
6.6349e+13,2.572e+14,6.3079e+14,4.4756e+14,3.0193e+14,8.6751e+13,987.27,1,106.44,106.44,94,0
6.5686e+13,2.546e+14,6.2487e+14,4.4406e+14,3.0012e+14,8.6648e+13,987.12,1,106.6,106.6,94,0
6.5022e+13,2.5201e+14,6.1895e+14,4.4056e+14,2.983e+14,8.6544e+13,986.97,1,106.76,106.76,94,0
6.4359e+13,2.4941e+14,6.1303e+14,4.3707e+14,2.9648e+14,8.644e+13,986.82,1,106.93,106.93,94,0
6.3695e+13,2.4681e+14,6.0711e+14,4.3357e+14,2.9466e+14,8.6336e+13,986.67,1,107.09,107.09,94,0
6.3032e+13,2.4421e+14,6.0119e+14,4.3007e+14,2.9285e+14,8.6232e+13,986.52,1,107.25,107.25,94,0
6.2368e+13,2.4162e+14,5.9526e+14,4.2657e+14,2.9103e+14,8.6129e+13,986.37,1,107.42,107.42,94,0
6.1705e+13,2.3902e+14,5.8934e+14,4.2307e+14,2.8921e+14,8.6025e+13,986.22,1,107.58,107.58,94,0
6.1041e+13,2.3642e+14,5.8342e+14,4.1958e+14,2.8739e+14,8.5921e+13,986.06,1,107.74,107.74,94,0
6.0378e+13,2.3382e+14,5.775e+14,4.1608e+14,2.8558e+14,8.5817e+13,985.91,1,107.9,107.9,94,0
5.9714e+13,2.3123e+14,5.7158e+14,4.1258e+14,2.8376e+14,8.5713e+13,985.76,1,108.07,108.07,94,0
5.9051e+13,2.2863e+14,5.6566e+14,4.0908e+14,2.8194e+14,8.561e+13,985.61,1,108.23,108.23,94,0
5.8201e+13,2.256e+14,5.5975e+14,4.0591e+14,2.8044e+14,8.5839e+13,984.09,1,108.39,108.39,94,0
5.7338e+13,2.2255e+14,5.5384e+14,4.0275e+14,2.7896e+14,8.6092e+13,982.46,1,108.55,108.55,94,0
5.6474e+13,2.1949e+14,5.4793e+14,3.996e+14,2.7749e+14,8.6346e+13,980.84,1,108.72,108.72,94,0
5.5611e+13,2.1643e+14,5.4202e+14,3.9645e+14,2.7601e+14,8.66e+13,979.21,1,108.88,108.88,94,0
5.4747e+13,2.1338e+14,5.3611e+14,3.933e+14,2.7453e+14,8.6854e+13,977.59,1,109.04,109.04,94,0
5.3883e+13,2.1032e+14,5.302e+14,3.9015e+14,2.7305e+14,8.7108e+13,975.96,1,109.21,109.21,94,0
5.302e+13,2.0726e+14,5.2429e+14,3.87e+14,2.7157e+14,8.7362e+13,974.34,1,109.37,109.37,94,0
5.2156e+13,2.0421e+14,5.1838e+14,3.8384e+14,2.701e+14,8.7616e+13,972.71,1,109.53,109.53,94,0
5.1293e+13,2.0115e+14,5.1247e+14,3.8069e+14,2.6862e+14,8.7869e+13,971.09,1,109.69,109.69,94,0
5.0429e+13,1.9809e+14,5.0656e+14,3.7754e+14,2.6714e+14,8.8123e+13,969.46,1,109.86,109.86,94,0
4.9566e+13,1.9504e+14,5.0065e+14,3.7439e+14,2.6566e+14,8.8377e+13,967.83,1,110.02,110.02,94,0
4.8702e+13,1.9198e+14,4.9474e+14,3.7124e+14,2.6418e+14,8.8631e+13,966.21,1,110.18,110.18,94,0
4.7839e+13,1.8892e+14,4.8883e+14,3.6808e+14,2.6271e+14,8.8885e+13,964.58,1,110.34,110.34,94,0
4.6975e+13,1.8587e+14,4.8292e+14,3.6493e+14,2.6123e+14,8.9139e+13,962.96,1,110.51,110.51,94,0
4.6111e+13,1.8281e+14,4.7701e+14,3.6178e+14,2.5975e+14,8.9392e+13,961.33,1,110.67,110.67,94,0
4.5248e+13,1.7975e+14,4.711e+14,3.5863e+14,2.5827e+14,8.9646e+13,959.71,1,110.83,110.83,94,0
4.4384e+13,1.767e+14,4.6519e+14,3.5548e+14,2.5679e+14,8.99e+13,958.08,1,111,111,94,0
4.3521e+13,1.7364e+14,4.5928e+14,3.5232e+14,2.5532e+14,9.0154e+13,956.46,1,111.16,111.16,94,0
4.2657e+13,1.7059e+14,4.5337e+14,3.4917e+14,2.5384e+14,9.0408e+13,954.83,1,111.32,111.32,94,0
4.1794e+13,1.6753e+14,4.4746e+14,3.4602e+14,2.5236e+14,9.0662e+13,953.2,1,111.48,111.48,94,0
4.093e+13,1.6447e+14,4.4155e+14,3.4287e+14,2.5088e+14,9.0915e+13,951.58,1,111.65,111.65,94,0
4.0066e+13,1.6142e+14,4.3564e+14,3.3972e+14,2.4941e+14,9.1169e+13,949.95,1,111.81,111.81,94,0
3.9203e+13,1.5836e+14,4.2973e+14,3.3657e+14,2.4793e+14,9.1423e+13,948.33,1,111.97,111.97,94,0
3.8339e+13,1.553e+14,4.2382e+14,3.3341e+14,2.4645e+14,9.1677e+13,946.7,1,112.13,112.13,94,0
3.7476e+13,1.5225e+14,4.1791e+14,3.3026e+14,2.4497e+14,9.1931e+13,945.08,1,112.3,112.3,94,0
3.6612e+13,1.4919e+14,4.12e+14,3.2711e+14,2.4349e+14,9.2185e+13,943.45,1,112.46,112.46,94,0
3.5749e+13,1.4613e+14,4.0609e+14,3.2396e+14,2.4202e+14,9.2438e+13,941.83,1,112.62,112.62,94,0
3.4919e+13,1.4318e+14,4.0036e+14,3.2087e+14,2.4055e+14,9.2677e+13,940.55,1,112.79,112.79,94,0
3.4209e+13,1.4062e+14,3.9527e+14,3.1801e+14,2.3915e+14,9.2858e+13,940.53,1,112.95,112.95,94,0
3.35e+13,1.3806e+14,3.9018e+14,3.1514e+14,2.3774e+14,9.304e+13,940.52,1,113.11,113.11,94,0
3.279e+13,1.355e+14,3.851e+14,3.1228e+14,2.3633e+14,9.3222e+13,940.5,1,113.27,113.27,94,0
3.2081e+13,1.3294e+14,3.8001e+14,3.0942e+14,2.3492e+14,9.3404e+13,940.48,1,113.44,113.44,94,0
3.1371e+13,1.3037e+14,3.7492e+14,3.0655e+14,2.3351e+14,9.3586e+13,940.46,1,113.6,113.6,94,0
3.0662e+13,1.2781e+14,3.6983e+14,3.0369e+14,2.321e+14,9.3768e+13,940.44,1,113.76,113.76,94,0
2.9953e+13,1.2525e+14,3.6474e+14,3.0083e+14,2.307e+14,9.395e+13,940.42,1,113.93,113.93,94,0
2.9243e+13,1.2269e+14,3.5966e+14,2.9796e+14,2.2929e+14,9.4132e+13,940.4,1,114.09,114.09,94,0
2.8534e+13,1.2013e+14,3.5457e+14,2.951e+14,2.2788e+14,9.4314e+13,940.38,1,114.25,114.25,94,0
2.7824e+13,1.1756e+14,3.4948e+14,2.9224e+14,2.2647e+14,9.4496e+13,940.36,1,114.41,114.41,94,0
2.7115e+13,1.15e+14,3.4439e+14,2.8937e+14,2.2506e+14,9.4678e+13,940.34,1,114.58,114.58,94,0
2.6405e+13,1.1244e+14,3.3931e+14,2.8651e+14,2.2366e+14,9.486e+13,940.32,1,114.74,114.74,94,0
2.5696e+13,1.0988e+14,3.3422e+14,2.8365e+14,2.2225e+14,9.5042e+13,940.3,1,114.9,114.9,94,0
2.4986e+13,1.0732e+14,3.2913e+14,2.8078e+14,2.2084e+14,9.5224e+13,940.28,1,115.06,115.06,94,0
2.4277e+13,1.0476e+14,3.2404e+14,2.7792e+14,2.1943e+14,9.5406e+13,940.26,1,115.23,115.23,94,0
2.3567e+13,1.0219e+14,3.1895e+14,2.7506e+14,2.1802e+14,9.5587e+13,940.24,1,115.39,115.39,94,0
2.2858e+13,9.9631e+13,3.1387e+14,2.722e+14,2.1662e+14,9.5769e+13,940.23,1,115.55,115.55,94,0
2.2148e+13,9.7069e+13,3.0878e+14,2.6933e+14,2.1521e+14,9.5951e+13,940.21,1,115.72,115.72,94,0
2.1439e+13,9.4507e+13,3.0369e+14,2.6647e+14,2.138e+14,9.6133e+13,940.19,1,115.88,115.88,94,0
2.0729e+13,9.1945e+13,2.986e+14,2.6361e+14,2.1239e+14,9.6315e+13,940.17,1,116.04,116.04,94,0
2.002e+13,8.9383e+13,2.9352e+14,2.6074e+14,2.1098e+14,9.6497e+13,940.15,1,116.2,116.2,94,0
1.931e+13,8.6821e+13,2.8843e+14,2.5788e+14,2.0958e+14,9.6679e+13,940.13,1,116.37,116.37,94,0
1.8601e+13,8.4259e+13,2.8334e+14,2.5502e+14,2.0817e+14,9.6861e+13,940.11,1,116.53,116.53,94,0
1.7891e+13,8.1697e+13,2.7825e+14,2.5215e+14,2.0676e+14,9.7043e+13,940.09,1,116.69,116.69,94,0
1.7182e+13,7.9135e+13,2.7316e+14,2.4929e+14,2.0535e+14,9.7225e+13,940.07,1,116.85,116.85,94,0
1.6473e+13,7.6573e+13,2.6808e+14,2.4643e+14,2.0394e+14,9.7407e+13,940.05,1,117.02,117.02,94,0
1.5763e+13,7.4011e+13,2.6299e+14,2.4356e+14,2.0254e+14,9.7589e+13,940.03,1,117.18,117.18,94,0
1.517e+13,7.1814e+13,2.5834e+14,2.408e+14,2.011e+14,9.7649e+13,939.9,1,117.34,117.34,94,0
1.4861e+13,7.0505e+13,2.5474e+14,2.3829e+14,1.9958e+14,9.7413e+13,939.48,1,117.51,117.51,94,0
1.4553e+13,6.9196e+13,2.5115e+14,2.3578e+14,1.9806e+14,9.7176e+13,939.07,1,117.67,117.67,94,0
1.4244e+13,6.7887e+13,2.4756e+14,2.3327e+14,1.9654e+14,9.694e+13,938.65,1,117.83,117.83,94,0
1.3935e+13,6.6578e+13,2.4396e+14,2.3076e+14,1.9503e+14,9.6703e+13,938.24,1,117.99,117.99,94,0
1.3627e+13,6.527e+13,2.4037e+14,2.2825e+14,1.9351e+14,9.6467e+13,937.82,1,118.16,118.16,94,0
1.3318e+13,6.3961e+13,2.3678e+14,2.2574e+14,1.9199e+14,9.623e+13,937.41,1,118.32,118.32,94,0
1.3009e+13,6.2652e+13,2.3318e+14,2.2323e+14,1.9047e+14,9.5994e+13,936.99,1,118.48,118.48,94,0
1.2701e+13,6.1343e+13,2.2959e+14,2.2072e+14,1.8896e+14,9.5757e+13,936.57,1,118.64,118.64,94,0
1.2392e+13,6.0035e+13,2.26e+14,2.1821e+14,1.8744e+14,9.5521e+13,936.16,1,118.81,118.81,94,0
1.2083e+13,5.8726e+13,2.2241e+14,2.157e+14,1.8592e+14,9.5285e+13,935.74,1,118.97,118.97,94,0
1.1775e+13,5.7417e+13,2.1881e+14,2.1319e+14,1.844e+14,9.5048e+13,935.33,1,119.13,119.13,94,0
1.1466e+13,5.6108e+13,2.1522e+14,2.1068e+14,1.8289e+14,9.4812e+13,934.91,1,119.3,119.3,94,0
1.1158e+13,5.48e+13,2.1163e+14,2.0817e+14,1.8137e+14,9.4575e+13,934.5,1,119.46,119.46,94,0
1.0849e+13,5.3491e+13,2.0803e+14,2.0566e+14,1.7985e+14,9.4339e+13,934.08,1,119.62,119.62,94,0
1.054e+13,5.2182e+13,2.0444e+14,2.0315e+14,1.7833e+14,9.4102e+13,933.67,1,119.78,119.78,94,0
1.0232e+13,5.0873e+13,2.0085e+14,2.0064e+14,1.7682e+14,9.3866e+13,933.25,1,119.95,119.95,94,0
9.9229e+12,4.9565e+13,1.9725e+14,1.9813e+14,1.753e+14,9.3629e+13,932.84,1,120.11,120.11,94,0
9.6142e+12,4.8256e+13,1.9366e+14,1.9562e+14,1.7378e+14,9.3393e+13,932.42,1,120.27,120.27,94,0
9.3056e+12,4.6947e+13,1.9007e+14,1.9311e+14,1.7226e+14,9.3156e+13,932,1,120.43,120.43,94,0
8.9969e+12,4.5638e+13,1.8648e+14,1.906e+14,1.7075e+14,9.292e+13,931.59,1,120.6,120.6,94,0
8.6883e+12,4.4329e+13,1.8288e+14,1.8809e+14,1.6923e+14,9.2684e+13,931.17,1,120.76,120.76,94,0
8.3796e+12,4.3021e+13,1.7929e+14,1.8558e+14,1.6771e+14,9.2447e+13,930.76,1,120.92,120.92,94,0
8.071e+12,4.1712e+13,1.757e+14,1.8307e+14,1.6619e+14,9.2211e+13,930.34,1,121.09,121.09,94,0
7.7623e+12,4.0403e+13,1.721e+14,1.8055e+14,1.6467e+14,9.1974e+13,929.93,1,121.25,121.25,94,0
7.4537e+12,3.9094e+13,1.6851e+14,1.7804e+14,1.6316e+14,9.1738e+13,929.51,1,121.41,121.41,94,0
7.145e+12,3.7786e+13,1.6492e+14,1.7553e+14,1.6164e+14,9.1501e+13,929.1,1,121.57,121.57,94,0
6.8363e+12,3.6477e+13,1.6132e+14,1.7302e+14,1.6012e+14,9.1265e+13,928.68,1,121.74,121.74,94,0
6.5907e+12,3.5405e+13,1.5819e+14,1.7071e+14,1.5865e+14,9.0953e+13,928.39,1,121.9,121.9,94,0
6.4564e+12,3.475e+13,1.5586e+14,1.6874e+14,1.5725e+14,9.0509e+13,928.3,1,122.06,122.06,94,0
6.3221e+12,3.4095e+13,1.5353e+14,1.6677e+14,1.5584e+14,9.0065e+13,928.22,1,122.23,122.23,94,0
6.1878e+12,3.3441e+13,1.5121e+14,1.648e+14,1.5444e+14,8.962e+13,928.14,1,122.39,122.39,94,0
6.0535e+12,3.2786e+13,1.4888e+14,1.6283e+14,1.5304e+14,8.9176e+13,928.05,1,122.55,122.55,94,0
5.9192e+12,3.2132e+13,1.4655e+14,1.6087e+14,1.5164e+14,8.8732e+13,927.97,1,122.71,122.71,94,0
5.7849e+12,3.1477e+13,1.4422e+14,1.589e+14,1.5024e+14,8.8287e+13,927.89,1,122.88,122.88,94,0
5.6506e+12,3.0822e+13,1.4189e+14,1.5693e+14,1.4884e+14,8.7843e+13,927.81,1,123.04,123.04,94,0
5.5164e+12,3.0168e+13,1.3957e+14,1.5496e+14,1.4744e+14,8.7399e+13,927.72,1,123.2,123.2,94,0
5.3821e+12,2.9513e+13,1.3724e+14,1.5299e+14,1.4603e+14,8.6954e+13,927.64,1,123.36,123.36,94,0
5.2478e+12,2.8859e+13,1.3491e+14,1.5102e+14,1.4463e+14,8.651e+13,927.56,1,123.53,123.53,94,0
5.1135e+12,2.8204e+13,1.3258e+14,1.4905e+14,1.4323e+14,8.6066e+13,927.47,1,123.69,123.69,94,0
4.9792e+12,2.755e+13,1.3026e+14,1.4709e+14,1.4183e+14,8.5621e+13,927.39,1,123.85,123.85,94,0
4.8449e+12,2.6895e+13,1.2793e+14,1.4512e+14,1.4043e+14,8.5177e+13,927.31,1,124.02,124.02,94,0
4.7106e+12,2.624e+13,1.256e+14,1.4315e+14,1.3903e+14,8.4733e+13,927.22,1,124.18,124.18,94,0
4.5763e+12,2.5586e+13,1.2327e+14,1.4118e+14,1.3763e+14,8.4288e+13,927.14,1,124.34,124.34,94,0
4.442e+12,2.4931e+13,1.2094e+14,1.3921e+14,1.3623e+14,8.3844e+13,927.06,1,124.5,124.5,94,0
4.3077e+12,2.4277e+13,1.1862e+14,1.3724e+14,1.3482e+14,8.34e+13,926.98,1,124.67,124.67,94,0
4.1734e+12,2.3622e+13,1.1629e+14,1.3527e+14,1.3342e+14,8.2955e+13,926.89,1,124.83,124.83,94,0
4.0391e+12,2.2968e+13,1.1396e+14,1.3331e+14,1.3202e+14,8.2511e+13,926.81,1,124.99,124.99,94,0
3.9048e+12,2.2313e+13,1.1163e+14,1.3134e+14,1.3062e+14,8.2067e+13,926.73,1,125.15,125.15,94,0
3.7705e+12,2.1658e+13,1.093e+14,1.2937e+14,1.2922e+14,8.1622e+13,926.64,1,125.32,125.32,94,0
3.6362e+12,2.1004e+13,1.0698e+14,1.274e+14,1.2782e+14,8.1178e+13,926.56,1,125.48,125.48,94,0
3.5019e+12,2.0349e+13,1.0465e+14,1.2543e+14,1.2642e+14,8.0734e+13,926.48,1,125.64,125.64,94,0
3.3676e+12,1.9695e+13,1.0232e+14,1.2346e+14,1.2502e+14,8.0289e+13,926.4,1,125.81,125.81,94,0
3.2333e+12,1.904e+13,9.9994e+13,1.2149e+14,1.2361e+14,7.9845e+13,926.31,1,125.97,125.97,94,0
3.099e+12,1.8385e+13,9.7666e+13,1.1952e+14,1.2221e+14,7.9401e+13,926.23,1,126.13,126.13,94,0
2.9647e+12,1.7731e+13,9.5338e+13,1.1756e+14,1.2081e+14,7.8956e+13,926.15,1,126.29,126.29,94,0
2.8633e+12,1.722e+13,9.3399e+13,1.1582e+14,1.1951e+14,7.8483e+13,926.07,1,126.46,126.46,94,0
2.8049e+12,1.6898e+13,9.1971e+13,1.1439e+14,1.1833e+14,7.797e+13,926,1,126.62,126.62,94,0
2.7465e+12,1.6576e+13,9.0543e+13,1.1295e+14,1.1716e+14,7.7458e+13,925.94,1,126.78,126.78,94,0
2.6881e+12,1.6254e+13,8.9115e+13,1.1152e+14,1.1598e+14,7.6945e+13,925.87,1,126.94,126.94,94,0
2.6297e+12,1.5933e+13,8.7687e+13,1.1009e+14,1.148e+14,7.6433e+13,925.81,1,127.11,127.11,94,0
2.5713e+12,1.5611e+13,8.6259e+13,1.0866e+14,1.1363e+14,7.592e+13,925.74,1,127.27,127.27,94,0
2.5129e+12,1.5289e+13,8.4831e+13,1.0722e+14,1.1245e+14,7.5408e+13,925.67,1,127.43,127.43,94,0
2.4545e+12,1.4967e+13,8.3403e+13,1.0579e+14,1.1128e+14,7.4895e+13,925.61,1,127.6,127.6,94,0
2.3961e+12,1.4645e+13,8.1975e+13,1.0436e+14,1.101e+14,7.4383e+13,925.54,1,127.76,127.76,94,0
2.3377e+12,1.4323e+13,8.0547e+13,1.0293e+14,1.0892e+14,7.387e+13,925.47,1,127.92,127.92,94,0
2.2793e+12,1.4001e+13,7.9119e+13,1.0149e+14,1.0775e+14,7.3358e+13,925.41,1,128.08,128.08,94,0
2.2209e+12,1.3679e+13,7.7691e+13,1.0006e+14,1.0657e+14,7.2846e+13,925.34,1,128.25,128.25,94,0
2.1625e+12,1.3357e+13,7.6263e+13,9.863e+13,1.054e+14,7.2333e+13,925.28,1,128.41,128.41,94,0
2.1041e+12,1.3035e+13,7.4835e+13,9.7197e+13,1.0422e+14,7.1821e+13,925.21,1,128.57,128.57,94,0
2.0457e+12,1.2713e+13,7.3407e+13,9.5765e+13,1.0305e+14,7.1308e+13,925.14,1,128.74,128.74,94,0
1.9873e+12,1.2391e+13,7.1979e+13,9.4332e+13,1.0187e+14,7.0796e+13,925.08,1,128.9,128.9,94,0
1.9289e+12,1.207e+13,7.0551e+13,9.29e+13,1.0069e+14,7.0283e+13,925.01,1,129.06,129.06,94,0
1.8705e+12,1.1748e+13,6.9123e+13,9.1467e+13,9.9518e+13,6.9771e+13,924.94,1,129.22,129.22,94,0
1.8121e+12,1.1426e+13,6.7695e+13,9.0035e+13,9.8342e+13,6.9258e+13,924.88,1,129.39,129.39,94,0
1.7537e+12,1.1104e+13,6.6267e+13,8.8602e+13,9.7166e+13,6.8746e+13,924.81,1,129.55,129.55,94,0
1.6953e+12,1.0782e+13,6.4839e+13,8.717e+13,9.599e+13,6.8233e+13,924.75,1,129.71,129.71,94,0
1.6369e+12,1.046e+13,6.3411e+13,8.5737e+13,9.4814e+13,6.7721e+13,924.68,1,129.87,129.87,94,0
1.5785e+12,1.0138e+13,6.1983e+13,8.4305e+13,9.3638e+13,6.7208e+13,924.61,1,130.04,130.04,94,0
1.5201e+12,9.8162e+12,6.0555e+13,8.2872e+13,9.2462e+13,6.6696e+13,924.55,1,130.2,130.2,94,0
1.4617e+12,9.4943e+12,5.9127e+13,8.144e+13,9.1287e+13,6.6184e+13,924.48,1,130.36,130.36,94,0
1.4033e+12,9.1724e+12,5.7699e+13,8.0007e+13,9.0111e+13,6.5671e+13,924.41,1,130.53,130.53,94,0
1.3449e+12,8.8504e+12,5.6271e+13,7.8575e+13,8.8935e+13,6.5159e+13,924.35,1,130.69,130.69,94,0
1.2865e+12,8.5285e+12,5.4843e+13,7.7143e+13,8.7759e+13,6.4646e+13,924.28,1,130.85,130.85,94,0
1.2447e+12,8.2899e+12,5.3709e+13,7.5933e+13,8.671e+13,6.4141e+13,924.24,1,131.01,131.01,94,0
1.2193e+12,8.1336e+12,5.2864e+13,7.4944e+13,8.5785e+13,6.3643e+13,924.21,1,131.18,131.18,94,0
1.1939e+12,7.9772e+12,5.2019e+13,7.3955e+13,8.4861e+13,6.3146e+13,924.19,1,131.34,131.34,94,0
1.1685e+12,7.8208e+12,5.1175e+13,7.2966e+13,8.3937e+13,6.2648e+13,924.17,1,131.5,131.5,94,0
1.1431e+12,7.6644e+12,5.033e+13,7.1977e+13,8.3012e+13,6.215e+13,924.15,1,131.66,131.66,94,0
1.1177e+12,7.508e+12,4.9486e+13,7.0987e+13,8.2088e+13,6.1652e+13,924.12,1,131.83,131.83,94,0
1.0923e+12,7.3517e+12,4.8641e+13,6.9998e+13,8.1164e+13,6.1155e+13,924.1,1,131.99,131.99,94,0
1.0669e+12,7.1953e+12,4.7797e+13,6.9009e+13,8.024e+13,6.0657e+13,924.08,1,132.15,132.15,94,0
1.0415e+12,7.0389e+12,4.6952e+13,6.802e+13,7.9315e+13,6.0159e+13,924.06,1,132.32,132.32,94,0
1.016e+12,6.8825e+12,4.6108e+13,6.7031e+13,7.8391e+13,5.9662e+13,924.03,1,132.48,132.48,94,0
9.9063e+11,6.7261e+12,4.5263e+13,6.6042e+13,7.7467e+13,5.9164e+13,924.01,1,132.64,132.64,94,0
9.6523e+11,6.5698e+12,4.4419e+13,6.5052e+13,7.6542e+13,5.8666e+13,923.99,1,132.8,132.8,94,0
9.3982e+11,6.4134e+12,4.3574e+13,6.4063e+13,7.5618e+13,5.8168e+13,923.96,1,132.97,132.97,94,0
9.1441e+11,6.257e+12,4.273e+13,6.3074e+13,7.4694e+13,5.7671e+13,923.94,1,133.13,133.13,94,0
8.89e+11,6.1006e+12,4.1885e+13,6.2085e+13,7.3769e+13,5.7173e+13,923.92,1,133.29,133.29,94,0
8.6359e+11,5.9442e+12,4.1041e+13,6.1096e+13,7.2845e+13,5.6675e+13,923.9,1,133.46,133.46,94,0
8.3818e+11,5.7879e+12,4.0196e+13,6.0107e+13,7.1921e+13,5.6177e+13,923.87,1,133.62,133.62,94,0
8.1277e+11,5.6315e+12,3.9352e+13,5.9118e+13,7.0996e+13,5.568e+13,923.85,1,133.78,133.78,94,0
7.8736e+11,5.4751e+12,3.8507e+13,5.8128e+13,7.0072e+13,5.5182e+13,923.83,1,133.94,133.94,94,0
7.6195e+11,5.3187e+12,3.7662e+13,5.7139e+13,6.9148e+13,5.4684e+13,923.8,1,134.11,134.11,94,0
7.3654e+11,5.1623e+12,3.6818e+13,5.615e+13,6.8223e+13,5.4186e+13,923.78,1,134.27,134.27,94,0
7.1113e+11,5.006e+12,3.5973e+13,5.5161e+13,6.7299e+13,5.3689e+13,923.76,1,134.43,134.43,94,0
6.8573e+11,4.8496e+12,3.5129e+13,5.4172e+13,6.6375e+13,5.3191e+13,923.74,1,134.59,134.59,94,0
6.6032e+11,4.6932e+12,3.4284e+13,5.3183e+13,6.5451e+13,5.2693e+13,923.71,1,134.76,134.76,94,0
6.3491e+11,4.5368e+12,3.344e+13,5.2193e+13,6.4526e+13,5.2196e+13,923.69,1,134.92,134.92,94,0
6.095e+11,4.3804e+12,3.2595e+13,5.1204e+13,6.3602e+13,5.1698e+13,923.67,1,135.08,135.08,94,0
5.8409e+11,4.2241e+12,3.1751e+13,5.0215e+13,6.2678e+13,5.12e+13,923.65,1,135.25,135.25,94,0
5.5868e+11,4.0677e+12,3.0906e+13,4.9226e+13,6.1753e+13,5.0702e+13,923.62,1,135.41,135.41,94,0
5.4151e+11,3.9579e+12,3.0267e+13,4.8427e+13,6.0962e+13,5.0237e+13,923.61,1,135.57,135.57,94,0
5.3045e+11,3.8827e+12,2.9781e+13,4.777e+13,6.0269e+13,4.9796e+13,923.59,1,135.73,135.73,94,0
5.1938e+11,3.8074e+12,2.9294e+13,4.7113e+13,5.9576e+13,4.9355e+13,923.58,1,135.9,135.9,94,0
5.0832e+11,3.7322e+12,2.8808e+13,4.6456e+13,5.8883e+13,4.8913e+13,923.57,1,136.06,136.06,94,0
4.9726e+11,3.657e+12,2.8321e+13,4.5798e+13,5.819e+13,4.8472e+13,923.56,1,136.22,136.22,94,0
4.862e+11,3.5817e+12,2.7835e+13,4.5141e+13,5.7497e+13,4.8031e+13,923.54,1,136.38,136.38,94,0
4.7513e+11,3.5065e+12,2.7349e+13,4.4484e+13,5.6804e+13,4.759e+13,923.53,1,136.55,136.55,94,0
4.6407e+11,3.4313e+12,2.6862e+13,4.3827e+13,5.6111e+13,4.7148e+13,923.52,1,136.71,136.71,94,0
4.5301e+11,3.356e+12,2.6376e+13,4.3169e+13,5.5418e+13,4.6707e+13,923.51,1,136.87,136.87,94,0
4.4194e+11,3.2808e+12,2.5889e+13,4.2512e+13,5.4725e+13,4.6266e+13,923.49,1,137.04,137.04,94,0
4.3088e+11,3.2056e+12,2.5403e+13,4.1855e+13,5.4032e+13,4.5825e+13,923.48,1,137.2,137.2,94,0
4.1982e+11,3.1303e+12,2.4916e+13,4.1198e+13,5.3339e+13,4.5383e+13,923.47,1,137.36,137.36,94,0
4.0875e+11,3.0551e+12,2.443e+13,4.054e+13,5.2646e+13,4.4942e+13,923.46,1,137.52,137.52,94,0
3.9769e+11,2.9799e+12,2.3943e+13,3.9883e+13,5.1953e+13,4.4501e+13,923.45,1,137.69,137.69,94,0
3.8663e+11,2.9046e+12,2.3457e+13,3.9226e+13,5.126e+13,4.406e+13,923.43,1,137.85,137.85,94,0
3.7556e+11,2.8294e+12,2.297e+13,3.8568e+13,5.0567e+13,4.3618e+13,923.42,1,138.01,138.01,94,0
3.645e+11,2.7542e+12,2.2484e+13,3.7911e+13,4.9874e+13,4.3177e+13,923.41,1,138.17,138.17,94,0
3.5344e+11,2.6789e+12,2.1997e+13,3.7254e+13,4.9181e+13,4.2736e+13,923.4,1,138.34,138.34,94,0
3.4238e+11,2.6037e+12,2.1511e+13,3.6597e+13,4.8488e+13,4.2295e+13,923.38,1,138.5,138.5,94,0
3.3131e+11,2.5285e+12,2.1025e+13,3.5939e+13,4.7795e+13,4.1853e+13,923.37,1,138.66,138.66,94,0
3.2025e+11,2.4532e+12,2.0538e+13,3.5282e+13,4.7102e+13,4.1412e+13,923.36,1,138.83,138.83,94,0
3.0919e+11,2.378e+12,2.0052e+13,3.4625e+13,4.6409e+13,4.0971e+13,923.35,1,138.99,138.99,94,0
2.9812e+11,2.3028e+12,1.9565e+13,3.3968e+13,4.5716e+13,4.053e+13,923.33,1,139.15,139.15,94,0
2.8706e+11,2.2275e+12,1.9079e+13,3.331e+13,4.5023e+13,4.0088e+13,923.32,1,139.31,139.31,94,0
2.76e+11,2.1523e+12,1.8592e+13,3.2653e+13,4.433e+13,3.9647e+13,923.31,1,139.48,139.48,94,0
2.6493e+11,2.0771e+12,1.8106e+13,3.1996e+13,4.3637e+13,3.9206e+13,923.3,1,139.64,139.64,94,0
2.5387e+11,2.0018e+12,1.7619e+13,3.1339e+13,4.2944e+13,3.8765e+13,923.28,1,139.8,139.8,94,0
2.4281e+11,1.9266e+12,1.7133e+13,3.0681e+13,4.2251e+13,3.8323e+13,923.27,1,139.96,139.96,94,0
2.3577e+11,1.8767e+12,1.6783e+13,3.0174e+13,4.1681e+13,3.7928e+13,923.26,1,140.13,140.13,94,0
2.3095e+11,1.8408e+12,1.6508e+13,2.9749e+13,4.1179e+13,3.7558e+13,923.26,1,140.29,140.29,94,0
2.2613e+11,1.8049e+12,1.6233e+13,2.9325e+13,4.0677e+13,3.7187e+13,923.25,1,140.45,140.45,94,0
2.2131e+11,1.769e+12,1.5958e+13,2.89e+13,4.0174e+13,3.6817e+13,923.25,1,140.62,140.62,94,0
2.1649e+11,1.7331e+12,1.5683e+13,2.8476e+13,3.9672e+13,3.6447e+13,923.24,1,140.78,140.78,94,0
2.1167e+11,1.6972e+12,1.5408e+13,2.8051e+13,3.917e+13,3.6077e+13,923.24,1,140.94,140.94,94,0
2.0685e+11,1.6612e+12,1.5133e+13,2.7626e+13,3.8668e+13,3.5706e+13,923.23,1,141.1,141.1,94,0
2.0202e+11,1.6253e+12,1.4858e+13,2.7202e+13,3.8165e+13,3.5336e+13,923.23,1,141.27,141.27,94,0
1.972e+11,1.5894e+12,1.4583e+13,2.6777e+13,3.7663e+13,3.4966e+13,923.22,1,141.43,141.43,94,0
1.9238e+11,1.5535e+12,1.4308e+13,2.6352e+13,3.7161e+13,3.4596e+13,923.22,1,141.59,141.59,94,0
1.8756e+11,1.5176e+12,1.4034e+13,2.5928e+13,3.6659e+13,3.4226e+13,923.21,1,141.76,141.76,94,0
1.8274e+11,1.4816e+12,1.3759e+13,2.5503e+13,3.6156e+13,3.3855e+13,923.21,1,141.92,141.92,94,0
1.7792e+11,1.4457e+12,1.3484e+13,2.5078e+13,3.5654e+13,3.3485e+13,923.2,1,142.08,142.08,94,0
1.731e+11,1.4098e+12,1.3209e+13,2.4654e+13,3.5152e+13,3.3115e+13,923.2,1,142.24,142.24,94,0
1.6828e+11,1.3739e+12,1.2934e+13,2.4229e+13,3.465e+13,3.2745e+13,923.19,1,142.41,142.41,94,0
1.6346e+11,1.338e+12,1.2659e+13,2.3804e+13,3.4147e+13,3.2374e+13,923.19,1,142.57,142.57,94,0
1.5864e+11,1.302e+12,1.2384e+13,2.338e+13,3.3645e+13,3.2004e+13,923.18,1,142.73,142.73,94,0
1.5381e+11,1.2661e+12,1.2109e+13,2.2955e+13,3.3143e+13,3.1634e+13,923.18,1,142.89,142.89,94,0
1.4899e+11,1.2302e+12,1.1834e+13,2.2531e+13,3.2641e+13,3.1264e+13,923.17,1,143.06,143.06,94,0
1.4417e+11,1.1943e+12,1.1559e+13,2.2106e+13,3.2139e+13,3.0893e+13,923.17,1,143.22,143.22,94,0
1.3935e+11,1.1584e+12,1.1284e+13,2.1681e+13,3.1636e+13,3.0523e+13,923.16,1,143.38,143.38,94,0
1.3453e+11,1.1224e+12,1.1009e+13,2.1257e+13,3.1134e+13,3.0153e+13,923.16,1,143.55,143.55,94,0
1.2971e+11,1.0865e+12,1.0734e+13,2.0832e+13,3.0632e+13,2.9783e+13,923.15,1,143.71,143.71,94,0
1.2489e+11,1.0506e+12,1.0459e+13,2.0407e+13,3.013e+13,2.9412e+13,923.15,1,143.87,143.87,94,0
1.2007e+11,1.0147e+12,1.0185e+13,1.9983e+13,2.9627e+13,2.9042e+13,923.14,1,144.03,144.03,94,0
1.1525e+11,9.7877e+11,9.9096e+12,1.9558e+13,2.9125e+13,2.8672e+13,923.14,1,144.2,144.2,94,0
1.1043e+11,9.4285e+11,9.6347e+12,1.9133e+13,2.8623e+13,2.8302e+13,923.13,1,144.36,144.36,94,0
1.056e+11,9.0693e+11,9.3598e+12,1.8709e+13,2.8121e+13,2.7931e+13,923.13,1,144.52,144.52,94,0
1.0273e+11,8.8453e+11,9.1718e+12,1.8395e+13,2.7723e+13,2.7611e+13,923.12,1,144.68,144.68,94,0
1.0063e+11,8.6747e+11,9.0183e+12,1.8126e+13,2.7366e+13,2.731e+13,923.12,1,144.85,144.85,94,0
9.8524e+10,8.5042e+11,8.8648e+12,1.7856e+13,2.701e+13,2.7009e+13,923.12,1,145.01,145.01,94,0
9.6421e+10,8.3336e+11,8.7112e+12,1.7587e+13,2.6653e+13,2.6708e+13,923.12,1,145.17,145.17,94,0
9.4318e+10,8.1631e+11,8.5577e+12,1.7317e+13,2.6297e+13,2.6406e+13,923.11,1,145.34,145.34,94,0
9.2215e+10,7.9925e+11,8.4042e+12,1.7048e+13,2.5941e+13,2.6105e+13,923.11,1,145.5,145.5,94,0
9.0112e+10,7.822e+11,8.2507e+12,1.6778e+13,2.5584e+13,2.5804e+13,923.11,1,145.66,145.66,94,0
8.8009e+10,7.6514e+11,8.0972e+12,1.6509e+13,2.5228e+13,2.5503e+13,923.11,1,145.82,145.82,94,0
8.5906e+10,7.4809e+11,7.9437e+12,1.624e+13,2.4871e+13,2.5202e+13,923.1,1,145.99,145.99,94,0
8.3803e+10,7.3104e+11,7.7901e+12,1.597e+13,2.4515e+13,2.4901e+13,923.1,1,146.15,146.15,94,0
8.17e+10,7.1398e+11,7.6366e+12,1.5701e+13,2.4158e+13,2.46e+13,923.1,1,146.31,146.31,94,0
7.9597e+10,6.9693e+11,7.4831e+12,1.5431e+13,2.3802e+13,2.4299e+13,923.1,1,146.48,146.48,94,0
7.7494e+10,6.7987e+11,7.3296e+12,1.5162e+13,2.3445e+13,2.3998e+13,923.09,1,146.64,146.64,94,0
7.5391e+10,6.6282e+11,7.1761e+12,1.4892e+13,2.3089e+13,2.3697e+13,923.09,1,146.8,146.8,94,0
7.3288e+10,6.4576e+11,7.0225e+12,1.4623e+13,2.2733e+13,2.3396e+13,923.09,1,146.96,146.96,94,0
7.1185e+10,6.2871e+11,6.869e+12,1.4353e+13,2.2376e+13,2.3095e+13,923.09,1,147.13,147.13,94,0
6.9082e+10,6.1165e+11,6.7155e+12,1.4084e+13,2.202e+13,2.2794e+13,923.08,1,147.29,147.29,94,0
6.6979e+10,5.946e+11,6.562e+12,1.3814e+13,2.1663e+13,2.2492e+13,923.08,1,147.45,147.45,94,0
6.4876e+10,5.7755e+11,6.4085e+12,1.3545e+13,2.1307e+13,2.2191e+13,923.08,1,147.61,147.61,94,0
6.2773e+10,5.6049e+11,6.255e+12,1.3275e+13,2.095e+13,2.189e+13,923.08,1,147.78,147.78,94,0
6.067e+10,5.4344e+11,6.1014e+12,1.3006e+13,2.0594e+13,2.1589e+13,923.07,1,147.94,147.94,94,0
5.8567e+10,5.2638e+11,5.9479e+12,1.2737e+13,2.0237e+13,2.1288e+13,923.07,1,148.1,148.1,94,0
5.6464e+10,5.0933e+11,5.7944e+12,1.2467e+13,1.9881e+13,2.0987e+13,923.07,1,148.27,148.27,94,0
5.4361e+10,4.9227e+11,5.6409e+12,1.2198e+13,1.9525e+13,2.0686e+13,923.07,1,148.43,148.43,94,0
5.2258e+10,4.7522e+11,5.4874e+12,1.1928e+13,1.9168e+13,2.0385e+13,923.06,1,148.59,148.59,94,0
5.0155e+10,4.5816e+11,5.3339e+12,1.1659e+13,1.8812e+13,2.0084e+13,923.06,1,148.75,148.75,94,0
4.8052e+10,4.4111e+11,5.1803e+12,1.1389e+13,1.8455e+13,1.9783e+13,923.06,1,148.92,148.92,94,0
4.5949e+10,4.2405e+11,5.0268e+12,1.112e+13,1.8099e+13,1.9482e+13,923.06,1,149.08,149.08,94,0
4.4778e+10,4.1406e+11,4.9267e+12,1.0928e+13,1.7824e+13,1.9227e+13,923.06,1,149.24,149.24,94,0
4.3859e+10,4.0597e+11,4.841e+12,1.0758e+13,1.7572e+13,1.8984e+13,923.05,1,149.4,149.4,94,0
4.294e+10,3.9788e+11,4.7553e+12,1.0587e+13,1.732e+13,1.8742e+13,923.05,1,149.57,149.57,94,0
4.2021e+10,3.8979e+11,4.6695e+12,1.0417e+13,1.7068e+13,1.8499e+13,923.05,1,149.73,149.73,94,0
4.1102e+10,3.8171e+11,4.5838e+12,1.0246e+13,1.6816e+13,1.8257e+13,923.05,1,149.89,149.89,94,0
4.0183e+10,3.7362e+11,4.4981e+12,1.0076e+13,1.6564e+13,1.8014e+13,923.05,1,150.06,150.06,94,0
3.9264e+10,3.6553e+11,4.4124e+12,9.9055e+12,1.6312e+13,1.7772e+13,923.05,1,150.22,150.22,94,0
3.8345e+10,3.5744e+11,4.3267e+12,9.735e+12,1.606e+13,1.7529e+13,923.05,1,150.38,150.38,94,0
3.7426e+10,3.4935e+11,4.241e+12,9.5646e+12,1.5808e+13,1.7286e+13,923.05,1,150.54,150.54,94,0
3.6507e+10,3.4126e+11,4.1553e+12,9.3941e+12,1.5555e+13,1.7044e+13,923.05,1,150.71,150.71,94,0
3.5588e+10,3.3318e+11,4.0696e+12,9.2237e+12,1.5303e+13,1.6801e+13,923.04,1,150.87,150.87,94,0
3.4669e+10,3.2509e+11,3.9839e+12,9.0532e+12,1.5051e+13,1.6559e+13,923.04,1,151.03,151.03,94,0
3.375e+10,3.17e+11,3.8981e+12,8.8828e+12,1.4799e+13,1.6316e+13,923.04,1,151.19,151.19,94,0
3.2831e+10,3.0891e+11,3.8124e+12,8.7123e+12,1.4547e+13,1.6074e+13,923.04,1,151.36,151.36,94,0
3.1912e+10,3.0082e+11,3.7267e+12,8.5419e+12,1.4295e+13,1.5831e+13,923.04,1,151.52,151.52,94,0
3.0993e+10,2.9273e+11,3.641e+12,8.3714e+12,1.4043e+13,1.5589e+13,923.04,1,151.68,151.68,94,0
3.0075e+10,2.8465e+11,3.5553e+12,8.201e+12,1.3791e+13,1.5346e+13,923.04,1,151.85,151.85,94,0
2.9156e+10,2.7656e+11,3.4696e+12,8.0305e+12,1.3539e+13,1.5104e+13,923.04,1,152.01,152.01,94,0
2.8237e+10,2.6847e+11,3.3839e+12,7.86e+12,1.3286e+13,1.4861e+13,923.04,1,152.17,152.17,94,0
2.7318e+10,2.6038e+11,3.2982e+12,7.6896e+12,1.3034e+13,1.4619e+13,923.03,1,152.33,152.33,94,0
2.6399e+10,2.5229e+11,3.2125e+12,7.5191e+12,1.2782e+13,1.4376e+13,923.03,1,152.5,152.5,94,0
2.548e+10,2.442e+11,3.1267e+12,7.3487e+12,1.253e+13,1.4134e+13,923.03,1,152.66,152.66,94,0
2.4561e+10,2.3612e+11,3.041e+12,7.1782e+12,1.2278e+13,1.3891e+13,923.03,1,152.82,152.82,94,0
2.3642e+10,2.2803e+11,2.9553e+12,7.0078e+12,1.2026e+13,1.3649e+13,923.03,1,152.99,152.99,94,0
2.2723e+10,2.1994e+11,2.8696e+12,6.8373e+12,1.1774e+13,1.3406e+13,923.03,1,153.15,153.15,94,0
2.1804e+10,2.1185e+11,2.7839e+12,6.6669e+12,1.1522e+13,1.3164e+13,923.03,1,153.31,153.31,94,0
2.0885e+10,2.0376e+11,2.6982e+12,6.4964e+12,1.127e+13,1.2921e+13,923.03,1,153.47,153.47,94,0
1.9966e+10,1.9567e+11,2.6125e+12,6.326e+12,1.1018e+13,1.2678e+13,923.03,1,153.64,153.64,94,0
1.9489e+10,1.9119e+11,2.558e+12,6.2068e+12,1.0825e+13,1.2474e+13,923.02,1,153.8,153.8,94,0
1.9085e+10,1.8729e+11,2.5086e+12,6.096e+12,1.0642e+13,1.2275e+13,923.02,1,153.96,153.96,94,0
1.8682e+10,1.834e+11,2.4593e+12,5.9853e+12,1.0459e+13,1.2077e+13,923.02,1,154.12,154.12,94,0
1.8278e+10,1.7951e+11,2.4099e+12,5.8746e+12,1.0276e+13,1.1878e+13,923.02,1,154.29,154.29,94,0
1.7874e+10,1.7561e+11,2.3606e+12,5.7639e+12,1.0093e+13,1.1679e+13,923.02,1,154.45,154.45,94,0
1.7471e+10,1.7172e+11,2.3113e+12,5.6531e+12,9.9098e+12,1.1481e+13,923.02,1,154.61,154.61,94,0
1.7067e+10,1.6783e+11,2.2619e+12,5.5424e+12,9.7268e+12,1.1282e+13,923.02,1,154.78,154.78,94,0
1.6663e+10,1.6393e+11,2.2126e+12,5.4317e+12,9.5438e+12,1.1084e+13,923.02,1,154.94,154.94,94,0
1.6259e+10,1.6004e+11,2.1632e+12,5.321e+12,9.3608e+12,1.0885e+13,923.02,1,155.1,155.1,94,0
1.5856e+10,1.5615e+11,2.1139e+12,5.2102e+12,9.1778e+12,1.0687e+13,923.02,1,155.26,155.26,94,0
1.5452e+10,1.5225e+11,2.0646e+12,5.0995e+12,8.9948e+12,1.0488e+13,923.02,1,155.43,155.43,94,0
1.5048e+10,1.4836e+11,2.0152e+12,4.9888e+12,8.8118e+12,1.029e+13,923.02,1,155.59,155.59,94,0
1.4645e+10,1.4447e+11,1.9659e+12,4.8781e+12,8.6288e+12,1.0091e+13,923.02,1,155.75,155.75,94,0
1.4241e+10,1.4057e+11,1.9165e+12,4.7673e+12,8.4458e+12,9.8925e+12,923.02,1,155.91,155.91,94,0
1.3837e+10,1.3668e+11,1.8672e+12,4.6566e+12,8.2628e+12,9.694e+12,923.02,1,156.08,156.08,94,0
1.3433e+10,1.3279e+11,1.8178e+12,4.5459e+12,8.0798e+12,9.4954e+12,923.02,1,156.24,156.24,94,0
1.303e+10,1.2889e+11,1.7685e+12,4.4352e+12,7.8968e+12,9.2969e+12,923.02,1,156.4,156.4,94,0
1.2626e+10,1.25e+11,1.7192e+12,4.3244e+12,7.7138e+12,9.0983e+12,923.02,1,156.57,156.57,94,0
1.2222e+10,1.2111e+11,1.6698e+12,4.2137e+12,7.5309e+12,8.8998e+12,923.02,1,156.73,156.73,94,0
1.1819e+10,1.1722e+11,1.6205e+12,4.103e+12,7.3479e+12,8.7012e+12,923.02,1,156.89,156.89,94,0
1.1415e+10,1.1332e+11,1.5711e+12,3.9923e+12,7.1649e+12,8.5027e+12,923.02,1,157.05,157.05,94,0
1.1011e+10,1.0943e+11,1.5218e+12,3.8815e+12,6.9819e+12,8.3041e+12,923.01,1,157.22,157.22,94,0
1.0608e+10,1.0554e+11,1.4724e+12,3.7708e+12,6.7989e+12,8.1056e+12,923.01,1,157.38,157.38,94,0
1.0204e+10,1.0164e+11,1.4231e+12,3.6601e+12,6.6159e+12,7.907e+12,923.01,1,157.54,157.54,94,0
9.8001e+09,9.775e+10,1.3738e+12,3.5494e+12,6.4329e+12,7.7085e+12,923.01,1,157.7,157.7,94,0
9.3964e+09,9.3856e+10,1.3244e+12,3.4387e+12,6.2499e+12,7.5099e+12,923.01,1,157.87,157.87,94,0
8.9927e+09,8.9963e+10,1.2751e+12,3.3279e+12,6.0669e+12,7.3114e+12,923.01,1,158.03,158.03,94,0
8.589e+09,8.607e+10,1.2257e+12,3.2172e+12,5.8839e+12,7.1128e+12,923.01,1,158.19,158.19,94,0
8.3918e+09,8.3909e+10,1.1927e+12,3.1365e+12,5.738e+12,6.9405e+12,923.01,1,158.36,158.36,94,0
8.2104e+09,8.188e+10,1.1609e+12,3.058e+12,5.5949e+12,6.7701e+12,923.01,1,158.52,158.52,94,0
8.0289e+09,7.9851e+10,1.1291e+12,2.9796e+12,5.4519e+12,6.5997e+12,923.01,1,158.68,158.68,94,0
7.8475e+09,7.7822e+10,1.0973e+12,2.9011e+12,5.3088e+12,6.4294e+12,923.01,1,158.84,158.84,94,0
7.6661e+09,7.5793e+10,1.0655e+12,2.8227e+12,5.1657e+12,6.259e+12,923.01,1,159.01,159.01,94,0
7.4846e+09,7.3764e+10,1.0337e+12,2.7442e+12,5.0226e+12,6.0886e+12,923.01,1,159.17,159.17,94,0
7.3032e+09,7.1736e+10,1.0019e+12,2.6658e+12,4.8796e+12,5.9182e+12,923.01,1,159.33,159.33,94,0
7.1218e+09,6.9707e+10,9.7011e+11,2.5873e+12,4.7365e+12,5.7479e+12,923.01,1,159.49,159.49,94,0
6.9403e+09,6.7678e+10,9.3832e+11,2.5089e+12,4.5934e+12,5.5775e+12,923.01,1,159.66,159.66,94,0
6.7589e+09,6.5649e+10,9.0652e+11,2.4305e+12,4.4503e+12,5.4071e+12,923.01,1,159.82,159.82,94,0
6.5774e+09,6.362e+10,8.7472e+11,2.352e+12,4.3073e+12,5.2368e+12,923.01,1,159.98,159.98,94,0
6.396e+09,6.1591e+10,8.4292e+11,2.2736e+12,4.1642e+12,5.0664e+12,923.01,1,160.15,160.15,94,0
6.2146e+09,5.9562e+10,8.1113e+11,2.1951e+12,4.0211e+12,4.896e+12,923.01,1,160.31,160.31,94,0
6.0331e+09,5.7533e+10,7.7933e+11,2.1167e+12,3.878e+12,4.7257e+12,923.01,1,160.47,160.47,94,0
5.8517e+09,5.5505e+10,7.4753e+11,2.0382e+12,3.735e+12,4.5553e+12,923.01,1,160.63,160.63,94,0
5.6703e+09,5.3476e+10,7.1573e+11,1.9598e+12,3.5919e+12,4.3849e+12,923.01,1,160.8,160.8,94,0
5.4888e+09,5.1447e+10,6.8394e+11,1.8813e+12,3.4488e+12,4.2145e+12,923,1,160.96,160.96,94,0
5.3074e+09,4.9418e+10,6.5214e+11,1.8029e+12,3.3057e+12,4.0442e+12,923,1,161.12,161.12,94,0
5.1259e+09,4.7389e+10,6.2034e+11,1.7244e+12,3.1627e+12,3.8738e+12,923,1,161.29,161.29,94,0
4.9445e+09,4.536e+10,5.8854e+11,1.646e+12,3.0196e+12,3.7034e+12,923,1,161.45,161.45,94,0
4.7631e+09,4.3331e+10,5.5675e+11,1.5675e+12,2.8765e+12,3.5331e+12,923,1,161.61,161.61,94,0
4.5816e+09,4.1302e+10,5.2495e+11,1.4891e+12,2.7334e+12,3.3627e+12,923,1,161.77,161.77,94,0
4.4002e+09,3.9274e+10,4.9315e+11,1.4106e+12,2.5904e+12,3.1923e+12,923,1,161.94,161.94,94,0
4.2188e+09,3.7245e+10,4.6135e+11,1.3322e+12,2.4473e+12,3.0219e+12,923,1,162.1,162.1,94,0
4.0373e+09,3.5216e+10,4.2956e+11,1.2537e+12,2.3042e+12,2.8516e+12,923,1,162.26,162.26,94,0
3.8559e+09,3.3187e+10,3.9776e+11,1.1753e+12,2.1611e+12,2.6812e+12,923,1,162.42,162.42,94,0
3.6744e+09,3.1158e+10,3.6596e+11,1.0969e+12,2.018e+12,2.5108e+12,923,1,162.59,162.59,94,0
3.493e+09,2.9129e+10,3.3416e+11,1.0184e+12,1.875e+12,2.3405e+12,923,1,162.75,162.75,94,0
